"ID","Categoria","Subcategoria","Nombre","Precio","Descripcion","Contiene","Composicion","Medidas","Imagen"
1,"Blancos","Set de edredón","Winnie the Pooh ","$1,449","Edredón para Cuna ","1 edredón + 1 protector de barandal + 1 cabecera + 1 sábana de cajón + 1 funda para almohada + 1 cojín pijamera","50% algodón / 50% poliéster","1.00 x 1.45 m.","/FinalProject/images/Productos/Blancos/setDeEdredon/winnieThePooh.jpg"
2,"Blancos","Set de edredón","Mickey ","$1,449","Edredón para Cuna ","1 edredón + 1 protector de barandal + 1 cabecera + 1 sábana de cajón + 1 funda para almohada + 1 cojín pijamera","50% algodón / 50% poliéster","1.00 x 1.45 m.","/FinalProject/images/Productos/Blancos/setDeEdredon/mickey.jpg"
3,"Blancos","Set de edredón","Minnie ","$1,449","Edredón para Cuna ","1 edredón + 1 protector de barandal + 1 cabecera + 1 sábana de cajón + 1 funda para almohada + 1 cojín pijamera","50% algodón / 50% poliéster","1.00 x 1.45 m.","/FinalProject/images/Productos/Blancos/setDeEdredon/minnie.jpg"
4,"Blancos","Set de edredón","Mi Osita ","$1,299","Edredón para Cuna ","1 edredón + 1 protector de barandal + 1 cabecera + 1 sábana de cajón + 1 funda para almohada + 1 cojín pijamera","50% algodón / 50% poliéster","1.00 x 1.45 m.","/FinalProject/images/Productos/Blancos/setDeEdredon/miOsita.jpg"
5,"Blancos","Set de edredón","Mi Osito ","$1,299","Edredón para Cuna ","1 edredón + 1 protector de barandal + 1 cabecera + 1 sábana de cajón + 1 funda para almohada + 1 cojín pijamera","50% algodón / 50% poliéster","1.00 x 1.45 m.","/FinalProject/images/Productos/Blancos/setDeEdredon/miOsito.jpg"
6,"Blancos","Set de edredón","Baby Pink ","$1,299","Edredón para Cuna ","1 edredón + 1 protector de barandal + 1 cabecera + 1 sábana de cajón + 1 funda para almohada + 1 cojín pijamera","50% algodón / 50% poliéster","1.00 x 1.45 m.","/FinalProject/images/Productos/Blancos/setDeEdredon/babyPink.jpg"
7,"Blancos","Set de edredón","Baby Love ","$1,299","Edredón para Cuna ","1 edredón + 1 protector de barandal + 1 cabecera + 1 sábana de cajón + 1 funda para almohada + 1 cojín pijamera","50% algodón / 50% poliéster","1.00 x 1.45 m.","/FinalProject/images/Productos/Blancos/setDeEdredon/babyLove.jpg"
8,"Blancos","Set de edredón","Pooh Baby ","$1,449","Edredón para Cuna ","1 edredón + 1 protector de barandal + 1 cabecera + 1 sábana de cajón + 1 funda para almohada + 1 cojín pijamera","50% algodón / 50% poliéster","1.00 x 1.45 m.","/FinalProject/images/Productos/Blancos/setDeEdredon/poohBaby.jpg"
9,"Blancos","Set de edredón","Best Friends ","$1,299","Edredón para Cuna ","1 edredón + 1 protector de barandal + 1 cabecera + 1 sábana de cajón + 1 funda para almohada + 1 cojín pijamera","50% algodón / 50% poliéster","1.00 x 1.45 m.","/FinalProject/images/Productos/Blancos/setDeEdredon/bestFriends.jpg"
10,"Blancos","Set de edredón","Blue Safari ","$1,299","Edredón para Cuna ","1 edredón + 1 protector de barandal + 1 cabecera + 1 sábana de cajón + 1 funda para almohada + 1 cojín pijamera","50% algodón / 50% poliéster","1.00 x 1.45 m.","/FinalProject/images/Productos/Blancos/setDeEdredon/blueSafari.jpg"
11,"Blancos","Set de edredón","Búho ","$1,299","Edredón para Cuna ","1 edredón + 1 protector de barandal + 1 cabecera + 1 sábana de cajón + 1 funda para almohada + 1 cojín pijamera","50% algodón / 50% poliéster","1.00 x 1.45 m.","/FinalProject/images/Productos/Blancos/setDeEdredon/buho.jpg"
12,"Blancos","Set de edredón","Baby Safari ","$1,299","Edredón para Cuna ","1 edredón + 1 protector de barandal + 1 cabecera + 1 sábana de cajón + 1 funda para almohada + 1 cojín pijamera","50% algodón / 50% poliéster","1.00 x 1.45 m.","/FinalProject/images/Productos/Blancos/setDeEdredon/babySafari.jpg"
13,"Blancos","Set de edredón","Pooh Divertido ","$1,449","Edredón para Cuna ","1 edredón + 1 protector de barandal + 1 cabecera + 1 sábana de cajón + 1 funda para almohada + 1 cojín pijamera","50% algodón / 50% poliéster","1.00 x 1.45 m.","/FinalProject/images/Productos/Blancos/setDeEdredon/poohDivertido.jpg"
14,"Blancos","Set de edredón","Teddy ","$1,299","Edredón para Cuna ","1 edredón + 1 protector de barandal + 1 cabecera + 1 sábana de cajón + 1 funda para almohada + 1 cojín pijamera","50% algodón / 50% poliéster","1.00 x 1.45 m.","/FinalProject/images/Productos/Blancos/setDeEdredon/teddy.jpg"
15,"Blancos","Set de edredón","Baby Blue ","$1,299","Edredón para Cuna ","1 edredón + 1 protector de barandal + 1 cabecera + 1 sábana de cajón + 1 funda para almohada + 1 cojín pijamera","50% algodón / 50% poliéster","1.00 x 1.45 m.","/FinalProject/images/Productos/Blancos/setDeEdredon/babyBlue.jpg"
16,"Blancos","Set de edredón","Cebrita ","$1,299","Edredón para Cuna ","1 edredón + 1 protector de barandal + 1 cabecera + 1 sábana de cajón + 1 funda para almohada + 1 cojín pijamera","50% algodón / 50% poliéster","1.00 x 1.45 m.","/FinalProject/images/Productos/Blancos/setDeEdredon/cebrita.jpg"
17,"Blancos","Set de edredón","Alegría ","$1,299","Edredón para Cuna ","1 edredón + 1 protector de barandal + 1 cabecera + 1 sábana de cajón + 1 funda para almohada + 1 cojín pijamera","50% algodón / 50% poliéster","1.00 x 1.45 m.","/FinalProject/images/Productos/Blancos/setDeEdredon/alegria.jpg"
18,"Blancos","Set de edredón","Sweet ","$999","Edredón para Cuna ","1 edredón + 1 protector de barandal + 1 cabecera + 1 sábana de cajón + 1 funda para almohada + 1 cojín pijamera","50% algodón / 50% poliéster","1.00 x 1.45 m.","/FinalProject/images/Productos/Blancos/setDeEdredon/sweet.jpg"
19,"Blancos","Set de edredón","Jirafita ","$1,299","Edredón para Cuna ","1 edredón + 1 protector de barandal + 1 cabecera + 1 sábana de cajón + 1 funda para almohada + 1 cojín pijamera","50% algodón / 50% poliéster","1.00 x 1.45 m.","/FinalProject/images/Productos/Blancos/setDeEdredon/jirafita.jpg"
20,"Blancos","Set de edredón","Baby Bear ","$1,299","Edredón para Cuna ","1 edredón + 1 protector de barandal + 1 cabecera + 1 sábana de cajón + 1 funda para almohada + 1 cojín pijamera","50% algodón / 50% poliéster","1.00 x 1.45 m.","/FinalProject/images/Productos/Blancos/setDeEdredon/babyBear.jpg"
21,"Blancos","Cojín Anti Vuelco","Baby Zoo","$449","Cojines protectores para cama","2 cojines + banda","100% poliéster","70 x 190 cm.","/FinalProject/images/Productos/Blancos/cojinAntivuelco/babyZoo.jpg"
22,"Blancos","Cojín Anti Vuelco","Búhos","$449","Cojines protectores para cama","2 cojines + banda","100% poliéster","70 x 190 cm.","/FinalProject/images/Productos/Blancos/cojinAntivuelco/buhos.jpg"
23,"Blancos","Edredón Cuna Portátil","Jirafita","$389","Edredón + cojín para cuna portátil","1 edredón + 1 cojín","50% algodón / 50% poliéster","0.70 x 1.20 m.","/FinalProject/images/Productos/Blancos/edredonCunaPortatil/jirafita.jpg"
24,"Blancos","Edredón Cuna Portátil","Teddy","$389","Edredón + cojín para cuna portátil","1 edredón + 1 cojín","50% algodón / 50% poliéster","0.70 x 1.20 m.","/FinalProject/images/Productos/Blancos/edredonCunaPortatil/teddy.jpg"
25,"Blancos","Edredón Cuna Portátil","Baby Pink","$389","Edredón + cojín para cuna portátil","1 edredón + 1 cojín","50% algodón / 50% poliéster","0.70 x 1.20 m.","/FinalProject/images/Productos/Blancos/edredonCunaPortatil/babyPink.jpg"
26,"Blancos","Edredón Cuna Portátil","Muñecas","$389","Edredón + cojín para cuna portátil","1 edredón + 1 cojín","50% algodón / 50% poliéster","0.70 x 1.20 m.","/FinalProject/images/Productos/Blancos/edredonCunaPortatil/munecas.jpg"
27,"Blancos","Edredón Cuna Portátil","Cebrita","$389","Edredón + cojín para cuna portátil","1 edredón + 1 cojín","50% algodón / 50% poliéster","0.70 x 1.20 m.","/FinalProject/images/Productos/Blancos/edredonCunaPortatil/cebrita.jpg"
28,"Blancos","Edredón Cuna Portátil","Hunny Days","$439","Edredón + cojín para cuna portátil","1 edredón + 1 cojín","50% algodón / 50% poliéster","0.70 x 1.20 m.","/FinalProject/images/Productos/Blancos/edredonCunaPortatil/hunnyDays.jpg"
29,"Blancos","Edredón Cuna Portátil","Mickey","$439","Edredón + cojín para cuna portátil","1 edredón + 1 cojín","50% algodón / 50% poliéster","0.70 x 1.20 m.","/FinalProject/images/Productos/Blancos/edredonCunaPortatil/mickey.jpg"
30,"Blancos","Edredón Cuna Portátil","Baby Blue","$389","Edredón + cojín para cuna portátil","1 edredón + 1 cojín","50% algodón / 50% poliéster","0.70 x 1.20 m.","/FinalProject/images/Productos/Blancos/edredonCunaPortatil/babyBlue.jpg"
31,"Blancos","Juego de Cortinas","Baby Bear","$679","Cortinas","2 cortinas + 2 cintillos","50% algodón / 50% poliéster","1.35 x 1.50 m.","/FinalProject/images/Productos/Blancos/cortinas/babyBear.jpg"
32,"Blancos","Juego de Cortinas","Teddy","$679","Cortinas","2 cortinas + 2 cintillos","50% algodón / 50% poliéster","1.35 x 1.50 m.","/FinalProject/images/Productos/Blancos/cortinas/teddy.jpg"
33,"Blancos","Juego de Cortinas","Búho","$679","Cortinas","2 cortinas + 2 cintillos","50% algodón / 50% poliéster","1.35 x 1.50 m.","/FinalProject/images/Productos/Blancos/cortinas/buho.jpg"
34,"Blancos","Juego de Cortinas","Cebrita","$679","Cortinas","2 cortinas + 2 cintillos","50% algodón / 50% poliéster","1.35 x 1.50 m.","/FinalProject/images/Productos/Blancos/cortinas/cebrita.jpg"
35,"Blancos","Juego de Cortinas","Baby Blue","$549","Cortinas","1 cortina + 1 cintillo","50% algodón / 50% poliéster","1.35 x 2.30 m.","/FinalProject/images/Productos/Blancos/cortinas/babyBlue.jpg"
36,"Blancos","Juego de Cortinas","Baby Pink","$679","Cortinas","2 cortinas + 2 cintillos","50% algodón / 50% poliéster","1.35 x 1.50 m.","/FinalProject/images/Productos/Blancos/cortinas/babyPink.jpg"
37,"Blancos","Juego de Cortinas","Jirafita","$679","Cortinas","2 cortinas + 2 cintillos","50% algodón / 50% poliéster","1.35 x 1.50 m.","/FinalProject/images/Productos/Blancos/cortinas/jirafita.jpg"
38,"Blancos","Juego de Cortinas","Mickey","$749","Cortinas","2 cortinas + 2 cintillos","50% algodón / 50% poliéster","1.35 x 1.50 m.","/FinalProject/images/Productos/Blancos/cortinas/mickey.jpg"
39,"Blancos","Juego de Cortinas","Pooh Divertido","$749","Cortinas","2 cortinas + 2 cintillos","50% algodón / 50% poliéster","1.35 x 1.50 m.","/FinalProject/images/Productos/Blancos/cortinas/poohDivertido.jpg"
40,"Blancos","Protector Impermeable","Multitalla","$239","Protector impermeable para colchón","1 protector multitalla","95% algodón / 5% poliéster","0.70 x 1.30 m.","/FinalProject/images/Productos/Blancos/protectorImpermeable/multitalla.jpg"
41,"Blancos","Sabanitas de Camiseta","Mickey","$499","Set de sabanitas para cuna","1 sábana de cajón + 1 sábana plana + 1 funda para almohada","65% algodón / 35% poliéster","0.70 x 1.30 m","/FinalProject/images/Productos/Blancos/sabanitasCamiseta/mickey.jpg"
42,"Blancos","Sabanitas de Camiseta","Minnie ","$499","Set de sabanitas para cuna","1 sábana de cajón + 1 sábana plana + 1 funda para almohada","65% algodón / 35% poliéster","0.70 x 1.30 m","/FinalProject/images/Productos/Blancos/sabanitasCamiseta/minnie.jpg"
43,"Blancos","Sabanitas de Camiseta","Búhos","$499","Set de sabanitas para cuna","1 sábana de cajón + 1 sábana plana + 1 funda para almohada","65% algodón / 35% poliéster","0.70 x 1.30 m","/FinalProject/images/Productos/Blancos/sabanitasCamiseta/buhos.jpg"
44,"Blancos","Sabanitas de Camiseta","Rosa","$449","Set de sabanitas para cuna","1 sábana de cajón + 1 sábana plana + 1 funda para almohada","65% algodón / 35% poliéster","0.70 x 1.30 m","/FinalProject/images/Productos/Blancos/sabanitasCamiseta/rosa.jpg"
45,"Blancos","Sabanitas de Camiseta","Azul","$449","Set de sabanitas para cuna","1 sábana de cajón + 1 sábana plana + 1 funda para almohada","65% algodón / 35% poliéster","0.70 x 1.30 m","/FinalProject/images/Productos/Blancos/sabanitasCamiseta/azul.jpg"
46,"Blancos","Sabanitas de Camiseta","Diversión","$499","Set de sabanitas para cuna","1 sábana de cajón + 1 sábana plana + 1 funda para almohada","65% algodón / 35% poliéster","0.70 x 1.30 m","/FinalProject/images/Productos/Blancos/sabanitasCamiseta/diversion.jpg"
47,"Blancos","Sabanitas de Camiseta","Beige","$449","Set de sabanitas para cuna","1 sábana de cajón + 1 sábana plana + 1 funda para almohada","65% algodón / 35% poliéster","0.70 x 1.30 m","/FinalProject/images/Productos/Blancos/sabanitasCamiseta/beige.jpg"
48,"Blancos","Sabanitas de Camiseta","Amarilla","$449","Set de sabanitas para cuna","1 sábana de cajón + 1 sábana plana + 1 funda para almohada","65% algodón / 35% poliéster","0.70 x 1.30 m","/FinalProject/images/Productos/Blancos/sabanitasCamiseta/amarilla.jpg"
49,"Cobertores","Chiqui Sack Alaska","Azul","$379","Chiqui sack para bebé","1 chiqui sack","100% poliéster","80 x 100 cm. (abierto)","/FinalProject/images/Productos/Cobertores/ChiquiSackAlaska/azul.jpg"
50,"Cobertores","Chiqui Sack Alaska","Baby Zoo","$379","Chiqui sack para bebé","1 chiqui sack","100% poliéster","80 x 100 cm. (abierto)","/FinalProject/images/Productos/Cobertores/ChiquiSackAlaska/babyZoo.jpg"
51,"Cobertores","Chiqui Sack Alaska","Búhos","$379","Chiqui sack para bebé","1 chiqui sack","100% poliéster","80 x 100 cm. (abierto)","/FinalProject/images/Productos/Cobertores/ChiquiSackAlaska/buhos.jpg"
52,"Cobertores","Chiqui Sack Alaska","Candy","$379","Chiqui sack para bebé","1 chiqui sack","100% poliéster","80 x 100 cm. (abierto)","/FinalProject/images/Productos/Cobertores/ChiquiSackAlaska/candy.jpg"
53,"Cobertores","Chiqui Sack Alaska","Chocolate","$379","Chiqui sack para bebé","1 chiqui sack","100% poliéster","80 x 100 cm. (abierto)","/FinalProject/images/Productos/Cobertores/ChiquiSackAlaska/chocolate.jpg"
54,"Cobertores","Chiqui Sack Alaska","Colors","$379","Chiqui sack para bebé","1 chiqui sack","100% poliéster","80 x 100 cm. (abierto)","/FinalProject/images/Productos/Cobertores/ChiquiSackAlaska/colors.jpg"
55,"Cobertores","Chiqui Sack Alaska","Dream","$379","Chiqui sack para bebé","1 chiqui sack","100% poliéster","80 x 100 cm. (abierto)","/FinalProject/images/Productos/Cobertores/ChiquiSackAlaska/dream.jpg"
56,"Cobertores","Chiqui Sack Alaska","Flores","$379","Chiqui sack para bebé","1 chiqui sack","100% poliéster","80 x 100 cm. (abierto)","/FinalProject/images/Productos/Cobertores/ChiquiSackAlaska/flores.jpg"
57,"Cobertores","Chiqui Sack Alaska","Mascotitas","$379","Chiqui sack para bebé","1 chiqui sack","100% poliéster","80 x 100 cm. (abierto)","/FinalProject/images/Productos/Cobertores/ChiquiSackAlaska/mascotitas.jpg"
58,"Cobertores","Chiqui Sack Alaska","Mickey","$419","Chiqui sack para bebé","1 chiqui sack","100% poliéster","80 x 100 cm. (abierto)","/FinalProject/images/Productos/Cobertores/ChiquiSackAlaska/mickey.jpg"
59,"Cobertores","Chiqui Sack Alaska","Minnie ","$419","Chiqui sack para bebé","1 chiqui sack","100% poliéster","80 x 100 cm. (abierto)","/FinalProject/images/Productos/Cobertores/ChiquiSackAlaska/minnie.jpg"
60,"Cobertores","Chiqui Sack Alaska","Navy","$379","Chiqui sack para bebé","1 chiqui sack","100% poliéster","80 x 100 cm. (abierto)","/FinalProject/images/Productos/Cobertores/ChiquiSackAlaska/navy.jpg"
61,"Cobertores","Chiqui Sack Bordado","Alegría ","$389","Chiqui sack para bebé","1 chiqui sack","100% poliéster","80 x 100 cm. (abierto)","/FinalProject/images/Productos/Cobertores/ChiquiSackBordado/alegria.jpg"
62,"Cobertores","Chiqui Sack Bordado","Baby Blue","$389","Chiqui sack para bebé","1 chiqui sack","100% poliéster","80 x 100 cm. (abierto)","/FinalProject/images/Productos/Cobertores/ChiquiSackBordado/babyBlue.jpg"
63,"Cobertores","Chiqui Sack Bordado","Jirafita","$389","Chiqui sack para bebé","1 chiqui sack","100% poliéster","80 x 100 cm. (abierto)","/FinalProject/images/Productos/Cobertores/ChiquiSackBordado/jirafita.jpg"
64,"Cobertores","Chiqui Sack Bordado","Little Dog","$389","Chiqui sack para bebé","1 chiqui sack","100% poliéster","80 x 100 cm. (abierto)","/FinalProject/images/Productos/Cobertores/ChiquiSackBordado/littleDog.jpg"
65,"Cobertores","Chiqui Sack Bordado","Mickey","$429","Chiqui sack para bebé","1 chiqui sack","100% poliéster","80 x 100 cm. (abierto)","/FinalProject/images/Productos/Cobertores/ChiquiSackBordado/mickey.jpg"
66,"Cobertores","Chiqui Sack Bordado","Minnie ","$429","Chiqui sack para bebé","1 chiqui sack","100% poliéster","80 x 100 cm. (abierto)","/FinalProject/images/Productos/Cobertores/ChiquiSackBordado/minnie.jpg"
67,"Cobertores","Chiqui Sack Bordado","Osita","$389","Chiqui sack para bebé","1 chiqui sack","100% poliéster","80 x 100 cm. (abierto)","/FinalProject/images/Productos/Cobertores/ChiquiSackBordado/osita.jpg"
68,"Cobertores","Chiqui Sack Bordado","Pony","$389","Chiqui sack para bebé","1 chiqui sack","100% poliéster","80 x 100 cm. (abierto)","/FinalProject/images/Productos/Cobertores/ChiquiSackBordado/pony.jpg"
69,"Cobertores","Chiqui Sack Bordado","Pooh","$429","Chiqui sack para bebé","1 chiqui sack","100% poliéster","80 x 100 cm. (abierto)","/FinalProject/images/Productos/Cobertores/ChiquiSackBordado/pooh.jpg"
70,"Cobertores","Chiqui Sack Bordado","Teddy","$389","Chiqui sack para bebé","1 chiqui sack","100% poliéster","80 x 100 cm. (abierto)","/FinalProject/images/Productos/Cobertores/ChiquiSackBordado/teddy.jpg"
71,"Cobertores","Cobertor Alaska Cunero","Mickey","$509","Cobertor para cuna","1 cobertor","100% poliéster","1.05 x 1.30 m.","/FinalProject/images/Productos/Cobertores/CobertorAlaska/mickey.jpg"
72,"Cobertores","Cobertor Alaska Cunero","Minnie ","$509","Cobertor para cuna","1 cobertor","100% poliéster","1.05 x 1.30 m.","/FinalProject/images/Productos/Cobertores/CobertorAlaska/minnie.jpg"
73,"Cobertores","Cobertor Alaska Cunero","Candy","$459","Cobertor para cuna","1 cobertor","100% poliéster","1.05 x 1.30 m.","/FinalProject/images/Productos/Cobertores/CobertorAlaska/candy.jpg"
74,"Cobertores","Cobertor Alaska Cunero","Dream","$459","Cobertor para cuna","1 cobertor","100% poliéster","1.05 x 1.30 m.","/FinalProject/images/Productos/Cobertores/CobertorAlaska/dream.jpg"
75,"Cobertores","Cobertor Alaska Cunero","Baby Zoo","$459","Cobertor para cuna","1 cobertor","100% poliéster","1.05 x 1.30 m.","/FinalProject/images/Productos/Cobertores/CobertorAlaska/babyZoo.jpg"
76,"Cobertores","Cobertor Alaska Cunero","Flores","$459","Cobertor para cuna","1 cobertor","100% poliéster","1.05 x 1.30 m.","/FinalProject/images/Productos/Cobertores/CobertorAlaska/flores.jpg"
77,"Cobertores","Cobertor Alaska Cunero","Navy","$459","Cobertor para cuna","1 cobertor","100% poliéster","1.05 x 1.30 m.","/FinalProject/images/Productos/Cobertores/CobertorAlaska/navy.jpg"
78,"Cobertores","Cobertor Alaska Cunero","Azul","$459","Cobertor para cuna","1 cobertor","100% poliéster","1.05 x 1.30 m.","/FinalProject/images/Productos/Cobertores/CobertorAlaska/azul.jpg"
79,"Cobertores","Cobertor Alaska Cunero","Chocolate","$459","Cobertor para cuna","1 cobertor","100% poliéster","1.05 x 1.30 m.","/FinalProject/images/Productos/Cobertores/CobertorAlaska/chocolate.jpg"
80,"Cobertores","Cobertor Alaska Cunero","Mascotitas","$459","Cobertor para cuna","1 cobertor","100% poliéster","1.05 x 1.30 m.","/FinalProject/images/Productos/Cobertores/CobertorAlaska/mascotitas.jpg"
81,"Cobertores","Cobertor Alaska Cunero","Búhos","$459","Cobertor para cuna","1 cobertor","100% poliéster","1.05 x 1.30 m.","/FinalProject/images/Productos/Cobertores/CobertorAlaska/buhos.jpg"
82,"Cobertores","Cobertor Alaska Cunero","Colors","$459","Cobertor para cuna","1 cobertor","100% poliéster","1.05 x 1.30 m.","/FinalProject/images/Productos/Cobertores/CobertorAlaska/colors.jpg"
83,"Cobertores","Cobertor Bordado Cunero","Bear","$489","Cobertor cunero","1 cobertor bordado","100% poliéster","1.05 x 1.30 m.","/FinalProject/images/Productos/Cobertores/CobertorBordado/bear.jpg"
84,"Cobertores","Cobertor Bordado Cunero","Globitos","$489","Cobertor cunero","1 cobertor bordado","100% poliéster","1.05 x 1.30 m.","/FinalProject/images/Productos/Cobertores/CobertorBordado/globitos.jpg"
85,"Cobertores","Cobertor Bordado Cunero","Conejita","$489","Cobertor cunero","1 cobertor bordado","100% poliéster","1.05 x 1.30 m.","/FinalProject/images/Productos/Cobertores/CobertorBordado/conejita.jpg"
86,"Cobertores","Cobertor Bordado Cunero","Baby Pink","$489","Cobertor cunero","1 cobertor bordado","100% poliéster","1.05 x 1.30 m.","/FinalProject/images/Productos/Cobertores/CobertorBordado/babyPink.jpg"
87,"Cobertores","Cobertor Bordado Cunero","Hadita","$489","Cobertor cunero","1 cobertor bordado","100% poliéster","1.05 x 1.30 m.","/FinalProject/images/Productos/Cobertores/CobertorBordado/hadita.jpg"
88,"Cobertores","Cobertor Bordado Cunero","Osito Azul","$489","Cobertor cunero","1 cobertor bordado","100% poliéster","1.05 x 1.30 m.","/FinalProject/images/Productos/Cobertores/CobertorBordado/ositoAzul.jpg"
89,"Cobertores","Cobertor Bordado Cunero","Osito Rojo","$489","Cobertor cunero","1 cobertor bordado","100% poliéster","1.05 x 1.30 m.","/FinalProject/images/Productos/Cobertores/CobertorBordado/ositoRojo.jpg"
90,"Cobertores","Cobertor Ligero Cunero","Mickey","$259","Cobertor para bebé","1 cobertor","100% poliéster","1.05 x 1.40 m.","/FinalProject/images/Productos/Cobertores/CobertorLigero/mickey.jpg"
91,"Cobertores","Cobertor Ligero Cunero","Minnie ","$259","Cobertor para bebé","1 cobertor","100% poliéster","1.05 x 1.40 m.","/FinalProject/images/Productos/Cobertores/CobertorLigero/minnie.jpg"
92,"Cobertores","Cobertor Ligero Cunero","Flores","$229","Cobertor para bebé","1 cobertor","100% poliéster","1.05 x 1.40 m.","/FinalProject/images/Productos/Cobertores/CobertorLigero/flores.jpg"
93,"Cobertores","Cobertor Ligero Cunero","Candy","$229","Cobertor para bebé","1 cobertor","100% poliéster","1.05 x 1.40 m.","/FinalProject/images/Productos/Cobertores/CobertorLigero/candy.jpg"
94,"Cobertores","Cobertor Ligero Cunero","Dream","$229","Cobertor para bebé","1 cobertor","100% poliéster","1.05 x 1.40 m.","/FinalProject/images/Productos/Cobertores/CobertorLigero/dream.jpg"
95,"Cobertores","Cobertor Ligero Cunero","Colors","$229","Cobertor para bebé","1 cobertor","100% poliéster","1.05 x 1.40 m.","/FinalProject/images/Productos/Cobertores/CobertorLigero/colors.jpg"
96,"Cobertores","Cobertor Ligero Cunero","Búhos","$229","Cobertor para bebé","1 cobertor","100% poliéster","1.05 x 1.40 m.","/FinalProject/images/Productos/Cobertores/CobertorLigero/buhos.jpg"
97,"Cobertores","Cobertor Ligero Cunero","Azul","$229","Cobertor para bebé","1 cobertor","100% poliéster","1.05 x 1.40 m.","/FinalProject/images/Productos/Cobertores/CobertorLigero/azul.jpg"
98,"Cobertores","Cobertor Ligero Cunero","Baby Zoo","$229","Cobertor para bebé","1 cobertor","100% poliéster","1.05 x 1.40 m.","/FinalProject/images/Productos/Cobertores/CobertorLigero/babyZoo.jpg"
99,"Cobertores","Cobertor Ligero Cunero","Chocolate","$229","Cobertor para bebé","1 cobertor","100% poliéster","1.05 x 1.40 m.","/FinalProject/images/Productos/Cobertores/CobertorLigero/chocolate.jpg"
100,"Cobertores","Cobertor Ligero Cunero","Navy","$229","Cobertor para bebé","1 cobertor","100% poliéster","1.05 x 1.40 m.","/FinalProject/images/Productos/Cobertores/CobertorLigero/navy.jpg"
101,"Cobertores","Cobertor Ligero Cunero","Mascotitas","$229","Cobertor para bebé","1 cobertor","100% poliéster","1.05 x 1.40 m.","/FinalProject/images/Productos/Cobertores/CobertorLigero/mascotitas.jpg"
102,"Decoración","Baby Puff","Catarina","$299","Silloncito para pequeñitos","1 baby puff","100% poliéster","33 x 45 cm.","/FinalProject/images/Productos/Decoracion/BabyPuff/catarina.jpg"
103,"Decoración","Baby Puff","Minnie ","$359","Silloncito para pequeñitos","1 baby puff","100% poliéster","33 x 45 cm.","/FinalProject/images/Productos/Decoracion/BabyPuff/minnie.jpg"
104,"Decoración","Baby Puff","Huesos","$339","Silloncito para pequeñitos","1 baby puff","100% poliéster","33 x 45 cm.","/FinalProject/images/Productos/Decoracion/BabyPuff/huesos.jpg"
105,"Decoración","Baby Puff","Mickey","$359","Silloncito para pequeñitos","1 baby puff","100% poliéster","33 x 45 cm.","/FinalProject/images/Productos/Decoracion/BabyPuff/mickey.jpg"
106,"Decoración","Bolsa de Lavandería","Búho","$239","Bolsa para ropa o juguetes","1 bolsa","50% algodón / 50% poliéster","30 x 70 cm.","/FinalProject/images/Productos/Decoracion/BolsaLavanderia/buho.jpg"
107,"Decoración","Bolsa de Lavandería","Monstruito","$239","Bolsa para ropa o juguetes","1 bolsa","50% algodón / 50% poliéster","30 x 70 cm.","/FinalProject/images/Productos/Decoracion/BolsaLavanderia/monstruito.jpg"
108,"Decoración","Cambiador","Azul","$449","Colchón cambiador","1 cambiador","95% algodón / 5% poliéster","40 x 80 cm.","/FinalProject/images/Productos/Decoracion/Cambiador/azul.jpg"
109,"Decoración","Cambiador","Rosa","$449","Colchón cambiador","1 cambiador","95% algodón / 5% poliéster","40 x 80 cm.","/FinalProject/images/Productos/Decoracion/Cambiador/rosa.jpg"
110,"Decoración","Cesto Multiusos","Búho","$449","Cesto para ropa o juguetes","1 cesto multiusos","50% algodón / 50% poliéster","30 x 50 cm.","/FinalProject/images/Productos/Decoracion/CestoMultiusos/buho.jpg"
111,"Decoración","Cesto Multiusos","Baby Love ","$449","Cesto para ropa o juguetes","1 cesto multiusos","50% algodón / 50% poliéster","30 x 50 cm.","/FinalProject/images/Productos/Decoracion/CestoMultiusos/babyLove.jpg"
112,"Decoración","Cesto Multiusos","Baby Pink","$449","Cesto para ropa o juguetes","1 cesto multiusos","50% algodón / 50% poliéster","30 x 50 cm.","/FinalProject/images/Productos/Decoracion/CestoMultiusos/babyPink.jpg"
113,"Decoración","Cesto Multiusos","Mi Osito ","$449","Cesto para ropa o juguetes","1 cesto multiusos","50% algodón / 50% poliéster","30 x 50 cm.","/FinalProject/images/Productos/Decoracion/CestoMultiusos/miOsito.jpg"
114,"Decoración","Cesto Multiusos","Baby Blue","$449","Cesto para ropa o juguetes","1 cesto multiusos","50% algodón / 50% poliéster","30 x 50 cm.","/FinalProject/images/Productos/Decoracion/CestoMultiusos/babyBlue.jpg"
115,"Decoración","Cesto Multiusos","Cebrita","$449","Cesto para ropa o juguetes","1 cesto multiusos","50% algodón / 50% poliéster","30 x 50 cm.","/FinalProject/images/Productos/Decoracion/CestoMultiusos/cebrita.jpg"
116,"Decoración","Cesto Multiusos","Jirafita","$449","Cesto para ropa o juguetes","1 cesto multiusos","50% algodón / 50% poliéster","30 x 50 cm.","/FinalProject/images/Productos/Decoracion/CestoMultiusos/jirafita.jpg"
117,"Decoración","Cesto Multiusos","Mickey","$499","Cesto para ropa o juguetes","1 cesto multiusos","50% algodón / 50% poliéster","30 x 50 cm.","/FinalProject/images/Productos/Decoracion/CestoMultiusos/mickey.jpg"
118,"Decoración","Cesto Multiusos","Minnie ","$499","Cesto para ropa o juguetes","1 cesto multiusos","50% algodón / 50% poliéster","30 x 50 cm.","/FinalProject/images/Productos/Decoracion/CestoMultiusos/minnie.jpg"
119,"Decoración","Cesto Multiusos","Teddy","$449","Cesto para ropa o juguetes","1 cesto multiusos","50% algodón / 50% poliéster","30 x 50 cm.","/FinalProject/images/Productos/Decoracion/CestoMultiusos/teddy.jpg"
120,"Decoración","Chiqui Mascotas","Bayo","$499","Cojín y almohada decorativa","1 Chiqui mascotas","100% poliéster","70 x 53 cm.","/FinalProject/images/Productos/Decoracion/Peluches/bayo.jpg"
121,"Decoración","Chiqui Mascotas","Unicornio","$499","Cojín y almohada decorativa","1 Chiqui mascotas","100% poliéster","70 x 53 cm.","/FinalProject/images/Productos/Decoracion/Peluches/unicornio.jpg"
122,"Decoración","Chiqui Mascotas","Dálmata","$499","Cojín y almohada decorativa","1 Chiqui mascotas","100% poliéster","70 x 53 cm.","/FinalProject/images/Productos/Decoracion/Peluches/dalmata.jpg"
123,"Decoración","Chiqui Mascotas","Elefantita","$499","Cojín y almohada decorativa","1 Chiqui mascotas","100% poliéster","70 x 53 cm.","/FinalProject/images/Productos/Decoracion/Peluches/elefantita.jpg"
124,"Decoración","Chiqui Mascotas","Borreguita","$499","Cojín y almohada decorativa","1 Chiqui mascotas","100% poliéster","70 x 53 cm.","/FinalProject/images/Productos/Decoracion/Peluches/borreguita.jpg"
125,"Decoración","Mini Cunas","Candy","$2,999","Cuna para primeros meses","1 armazón de madera con pabellón + 1 base de cuna + 1 vestidura + 1 velo + 1 edredón + 1 sabanita de cajón + 1 funda para almohada + 1 cojín pijamera","50% algodón / 50% poliéster","79 x 58 cm.","/FinalProject/images/Productos/Decoracion/MiniCuna/candy.jpg"
126,"Decoración","Mini Cunas","Mi Osita ","$2,999","Cuna para primeros meses","1 armazón de madera con pabellón + 1 base de cuna + 1 vestidura + 1 velo + 1 edredón + 1 sabanita de cajón + 1 funda para almohada + 1 cojín pijamera","50% algodón / 50% poliéster","79 x 58 cm.","/FinalProject/images/Productos/Decoracion/MiniCuna/miOsita.jpg"
127,"Decoración","Mini Cunas","Mi Osito ","$2,999","Cuna para primeros meses","1 armazón de madera con pabellón + 1 base de cuna + 1 vestidura + 1 velo + 1 edredón + 1 sabanita de cajón + 1 funda para almohada + 1 cojín pijamera","50% algodón / 50% poliéster","79 x 58 cm.","/FinalProject/images/Productos/Decoracion/MiniCuna/miOsito.jpg"
128,"Decoración","Mini Cunas","Pony","$2,999","Cuna para primeros meses","1 armazón de madera con pabellón + 1 base de cuna + 1 vestidura + 1 velo + 1 edredón + 1 sabanita de cajón + 1 funda para almohada + 1 cojín pijamera","50% algodón / 50% poliéster","79 x 58 cm.","/FinalProject/images/Productos/Decoracion/MiniCuna/pony.jpg"
129,"Decoración","Mini Cunas","Best Friends ","$2,999","Cuna para primeros meses","1 armazón de madera con pabellón + 1 base de cuna + 1 vestidura + 1 velo + 1 edredón + 1 sabanita de cajón + 1 funda para almohada + 1 cojín pijamera","50% algodón / 50% poliéster","79 x 58 cm.","/FinalProject/images/Productos/Decoracion/MiniCuna/bestFriends.jpg"
130,"Decoración","Mini Cunas","Teddy","$2,999","Cuna para primeros meses","1 armazón de madera con pabellón + 1 base de cuna + 1 vestidura + 1 velo + 1 edredón + 1 sabanita de cajón + 1 funda para almohada + 1 cojín pijamera","50% algodón / 50% poliéster","79 x 58 cm.","/FinalProject/images/Productos/Decoracion/MiniCuna/teddy.jpg"
131,"Decoración","Mini Cunas","Jirafita","$2,999","Cuna para primeros meses","1 armazón de madera con pabellón + 1 base de cuna + 1 vestidura + 1 velo + 1 edredón + 1 sabanita de cajón + 1 funda para almohada + 1 cojín pijamera","50% algodón / 50% poliéster","79 x 58 cm.","/FinalProject/images/Productos/Decoracion/MiniCuna/jirafita.jpg"
132,"Decoración","Organizador","Mi Osito ","$249","Organizador para cuna","1 organizador","50% algodón / 50% poliéster","40 x 23 cm.","/FinalProject/images/Productos/Decoracion/Organizador/miOsito.jpg"
133,"Decoración","Organizador","Baby Love ","$249","Organizador para cuna","1 organizador","50% algodón / 50% poliéster","40 x 23 cm.","/FinalProject/images/Productos/Decoracion/Organizador/babyLove.jpg"
134,"Decoración","Organizador","Candy","$249","Organizador para cuna","1 organizador","50% algodón / 50% poliéster","40 x 23 cm.","/FinalProject/images/Productos/Decoracion/Organizador/candy.jpg"
135,"Decoración","Organizador","Minnie ","$269","Organizador para cuna","1 organizador","50% algodón / 50% poliéster","40 x 23 cm.","/FinalProject/images/Productos/Decoracion/Organizador/minnie.jpg"
136,"Decoración","Organizador","Best Friends ","$249","Organizador para cuna","1 organizador","50% algodón / 50% poliéster","40 x 23 cm.","/FinalProject/images/Productos/Decoracion/Organizador/bestFriends.jpg"
137,"Decoración","Organizador","Baby Pink","$339","Organizador para cuna","1 organizador","50% algodón / 50% poliéster","60 x 50 cm.","/FinalProject/images/Productos/Decoracion/Organizador/babyPink.jpg"
138,"Decoración","Organizador","Búho","$339","Organizador para cuna","1 organizador","50% algodón / 50% poliéster","60 x 50 cm.","/FinalProject/images/Productos/Decoracion/Organizador/buho.jpg"
139,"Decoración","Organizador","Jirafita","$339","Organizador para cuna","1 organizador","50% algodón / 50% poliéster","60 x 50 cm.","/FinalProject/images/Productos/Decoracion/Organizador/jirafita.jpg"
140,"Decoración","Organizador","Mickey","$379","Organizador para cuna","1 organizador","50% algodón / 50% poliéster","60 x 50 cm.","/FinalProject/images/Productos/Decoracion/Organizador/mickey.jpg"
141,"Decoración","Play Mat","Baby Blue","$659","Colchón de juego didáctico","1 play mat","50% algodón / 50% poliéster","1 m. de diámetro","/FinalProject/images/Productos/Decoracion/PlayMat/babyBlue.jpg"
142,"Decoración","Play Mat","Baby Pink","$659","Colchón de juego didáctico","1 play mat","50% algodón / 50% poliéster","1 m. de diámetro","/FinalProject/images/Productos/Decoracion/PlayMat/babyPink.jpg"
143,"Decoración","Play Mat Supersoft","Minnie ","$449","Colchoneta de juego súper suave","1 play mat súpersoft","100% poliéster","98 x 110 cm.","/FinalProject/images/Productos/Decoracion/PlayMatSupersoft/minnie.jpg"
144,"Decoración","Play Mat Supersoft","Mickey","$449","Colchoneta de juego súper suave","1 play mat súpersoft","100% poliéster","98 x 110 cm.","/FinalProject/images/Productos/Decoracion/PlayMatSupersoft/mickey.jpg"
145,"Decoración","Play Mat Supersoft","Flores","$399","Colchoneta de juego súper suave","1 play mat súpersoft","100% poliéster","98 x 110 cm.","/FinalProject/images/Productos/Decoracion/PlayMatSupersoft/flores.jpg"
146,"Decoración","Play Mat Supersoft","Mascotitas","$399","Colchoneta de juego súper suave","1 play mat súpersoft","100% poliéster","98 x 110 cm.","/FinalProject/images/Productos/Decoracion/PlayMatSupersoft/mascotitas.jpg"
147,"Decoración","Play Mat Supersoft","Búhos","$399","Colchoneta de juego súper suave","1 play mat súpersoft","100% poliéster","98 x 110 cm.","/FinalProject/images/Productos/Decoracion/PlayMatSupersoft/buhos.jpg"
148,"Decoración","Play Mat Supersoft","Colors","$399","Colchoneta de juego súper suave","1 play mat súpersoft","100% poliéster","98 x 110 cm.","/FinalProject/images/Productos/Decoracion/PlayMatSupersoft/colors.jpg"
149,"Decoración","Play Mat Supersoft","Baby Zoo","$399","Colchoneta de juego súper suave","1 play mat súpersoft","100% poliéster","98 x 110 cm.","/FinalProject/images/Productos/Decoracion/PlayMatSupersoft/babyZoo.jpg"
150,"Decoración","Porta Pañales","Búho","$329","Porta pañales de pared","1 porta pañales","50% algodón / 50% poliéster","26 x 45 cm.","/FinalProject/images/Productos/Decoracion/PortaPanales/buho.jpg"
151,"Decoración","Porta Pañales","Conejita","$329","Porta pañales de pared","1 porta pañales","50% algodón / 50% poliéster","26 x 56 cm.","/FinalProject/images/Productos/Decoracion/PortaPanales/conejita.jpg"
152,"Decoración","Porta Pañales","Jirafita","$329","Porta pañales de pared","1 porta pañales","50% algodón / 50% poliéster","26 x 79 cm.","/FinalProject/images/Productos/Decoracion/PortaPanales/jirafita.jpg"
153,"Decoración","Porta Pañales","Hadita","$329","Porta pañales de pared","1 porta pañales","50% algodón / 50% poliéster","26 x 70 cm.","/FinalProject/images/Productos/Decoracion/PortaPanales/hadita.jpg"
154,"Decoración","Porta Pañales","Osito","$329","Porta pañales de pared","1 porta pañales","50% algodón / 50% poliéster","26 x 56 cm.","/FinalProject/images/Productos/Decoracion/PortaPanales/osito.jpg"
155,"Decoración","Porta Pañales","Mickey","$369","Porta pañales de pared","1 porta pañales","50% algodón / 50% poliéster","26 x 70 cm.","/FinalProject/images/Productos/Decoracion/PortaPanales/mickey.jpg"
156,"Decoración","Porta Pañales","Minnie ","$369","Porta pañales de pared","1 porta pañales","50% algodón / 50% poliéster","26 x 70 cm.","/FinalProject/images/Productos/Decoracion/PortaPanales/minnie.jpg"
157,"Decoración","Porta Pañales","Muñecas","$329","Porta pañales de pared","1 porta pañales","50% algodón / 50% poliéster","26 x 70 cm.","/FinalProject/images/Productos/Decoracion/PortaPanales/munecas.jpg"
158,"Decoración","Porta Pañales","Pooh","$369","Porta pañales de pared","1 porta pañales","50% algodón / 50% poliéster","26 x 61 cm.","/FinalProject/images/Productos/Decoracion/PortaPanales/pooh.jpg"
159,"Decoración","Porta Pañales","Tigger","$369","Porta pañales de pared","1 porta pañales","50% algodón / 50% poliéster","26 x 61 cm.","/FinalProject/images/Productos/Decoracion/PortaPanales/tigger.jpg"
160,"Decoración","Respaldo Diversión","Navy","$299","Cojín para espalda","1 respaldo","100% poliéster","57 x 37 cm.","/FinalProject/images/Productos/Decoracion/Respaldo/navy.jpg"
161,"Decoración","Respaldo Diversión","Chocolate","$299","Cojín para espalda","1 respaldo","100% poliéster","57 x 37 cm.","/FinalProject/images/Productos/Decoracion/Respaldo/chocolate.jpg"
162,"Decoración","Respaldo Diversión","Mascotitas","$299","Cojín para espalda","1 respaldo","100% poliéster","57 x 37 cm.","/FinalProject/images/Productos/Decoracion/Respaldo/mascotitas.jpg"
163,"Decoración","Respaldo Diversión","Colors","$299","Cojín para espalda","1 respaldo","100% poliéster","57 x 37 cm.","/FinalProject/images/Productos/Decoracion/Respaldo/colors.jpg"
164,"Decoración","Respaldo Diversión","Minnie ","$339","Cojín para espalda","1 respaldo","100% poliéster","57 x 37 cm.","/FinalProject/images/Productos/Decoracion/Respaldo/minnie.jpg"
165,"Paseo","Baby Comfort","Búhos","$339","Cojín para carriola, silla o portabebé","1 baby comfort doble vista","65% algodón / 35% poliéster","Estándar","/FinalProject/images/Productos/paseo/babyComfort/buhos.jpg"
166,"Paseo","Baby Comfort","Muñecas","$339","Cojín para carriola, silla o portabebé","1 baby comfort doble vista","65% algodón / 35% poliéster","Estándar","/FinalProject/images/Productos/paseo/babyComfort/munecas.jpg"
167,"Paseo","Baby Comfort","Minnie ","$379","Cojín para carriola, silla o portabebé","1 baby comfort doble vista","65% algodón / 35% poliéster","Estándar","/FinalProject/images/Productos/paseo/babyComfort/minnie.jpg"
168,"Paseo","Baby Comfort","Baby Blue","$339","Cojín para carriola, silla o portabebé","1 baby comfort doble vista","65% algodón / 35% poliéster","Estándar","/FinalProject/images/Productos/paseo/babyComfort/babyBlue.jpg"
169,"Paseo","Baby Comfort","Diversión","$339","Cojín para carriola, silla o portabebé","1 baby comfort doble vista","65% algodón / 35% poliéster","Estándar","/FinalProject/images/Productos/paseo/babyComfort/diversion.jpg"
170,"Paseo","Baby Comfort","Mickey","$379","Cojín para carriola, silla o portabebé","1 baby comfort doble vista","65% algodón / 35% poliéster","Estándar","/FinalProject/images/Productos/paseo/babyComfort/mickey.jpg"
171,"Paseo","Bambinetos","Baby Blue","$899","Bambineto portátil","1 bambineto plegable + colchón   + sábana de cajón.","50% algodón / 50% poliéster","33 x 70 x 23 cm.","/FinalProject/images/Productos/paseo/bambineto/babyBlue.jpg"
172,"Paseo","Bambinetos","Baby Pink","$899","Bambineto portátil","1 bambineto plegable + colchón   + sábana de cajón.","50% algodón / 50% poliéster","33 x 70 x 23 cm.","/FinalProject/images/Productos/paseo/bambineto/babyPink.jpg"
173,"Paseo","Bambinetos","Búhos","$899","Bambineto portátil","1 bambineto plegable + colchón   + sábana de cajón.","50% algodón / 50% poliéster","33 x 70 x 23 cm.","/FinalProject/images/Productos/paseo/bambineto/buhos.jpg"
174,"Paseo","Bambinetos","Cebrita","$899","Bambineto portátil","1 bambineto plegable + colchón   + sábana de cajón.","50% algodón / 50% poliéster","33 x 70 x 23 cm.","/FinalProject/images/Productos/paseo/bambineto/cebrita.jpg"
175,"Paseo","Bambinetos","Jirafita","$899","Bambineto portátil","1 bambineto plegable + colchón   + sábana de cajón.","50% algodón / 50% poliéster","33 x 70 x 23 cm.","/FinalProject/images/Productos/paseo/bambineto/jirafita.jpg"
176,"Paseo","Bambinetos","Mickey","$999","Bambineto portátil","1 bambineto plegable + colchón   + sábana de cajón.","50% algodón / 50% poliéster","33 x 70 x 23 cm.","/FinalProject/images/Productos/paseo/bambineto/mickey.jpg"
177,"Paseo","Bambinetos","Minnie ","$999","Bambineto portátil","1 bambineto plegable + colchón   + sábana de cajón.","50% algodón / 50% poliéster","33 x 70 x 23 cm.","/FinalProject/images/Productos/paseo/bambineto/minnie.jpg"
178,"Paseo","Bambinetos","Teddy","$899","Bambineto portátil","1 bambineto plegable + colchón   + sábana de cajón.","50% algodón / 50% poliéster","33 x 70 x 23 cm.","/FinalProject/images/Productos/paseo/bambineto/teddy.jpg"
179,"Paseo","Bolsitas","Corazón","$189","Bolsita de mano","1 bolsita","100% poliéster","21 x 23 cm.","/FinalProject/images/Productos/paseo/bolsita/corazon.jpg"
180,"Paseo","Bolsitas","Cupcake","$189","Bolsita de mano","1 bolsita","100% poliéster","21 x 23 cm.","/FinalProject/images/Productos/paseo/bolsita/cupcake.jpg"
181,"Paseo","Bolsitas","Minnie ","$219","Bolsita de mano","1 bolsita","100% poliéster","21 x 23 cm.","/FinalProject/images/Productos/paseo/bolsita/minnie.jpg"
182,"Paseo","Bolsitas","Princesita","$189","Bolsita de mano","1 bolsita","100% poliéster","21 x 23 cm.","/FinalProject/images/Productos/paseo/bolsita/princesita.jpg"
183,"Paseo","Bolsitas","Búhos","$129","Bolsita de mano","1 bolsita","100% poliéster","21 x 23 cm.","/FinalProject/images/Productos/paseo/bolsita/buhos.jpg"
184,"Paseo","Bolsitas","Lentes","$129","Bolsita de mano","1 bolsita","100% poliéster","21 x 23 cm.","/FinalProject/images/Productos/paseo/bolsita/lentes.jpg"
185,"Paseo","Bolsitas","Changuita","$189","Bolsita de mano","1 bolsita","100% poliéster","21 x 23 cm.","/FinalProject/images/Productos/paseo/bolsita/changuita.jpg"
186,"Paseo","Bolsitas","Búho","$189","Bolsita de mano","1 bolsita","100% poliéster","21 x 23 cm.","/FinalProject/images/Productos/paseo/bolsita/buho.jpg"
187,"Paseo","Caminador","Azul","$209","Arnés de primeros pasos","1 caminador","50% algodón / 50% poliéster","Estándar","/FinalProject/images/Productos/paseo/caminador/azul.jpg"
188,"Paseo","Caminador","Rosa","$209","Arnés de primeros pasos","1 caminador","50% algodón / 50% poliéster","Estándar","/FinalProject/images/Productos/paseo/caminador/rosa.jpg"
189,"Paseo","Camita Portátil","Best Friends ","$449","Camita portátil para bebé","1 camita","50% algodón / 50% poliéster","30 x 75 cm. (abierta)","/FinalProject/images/Productos/paseo/camitaPortatil/bestFriends.jpg"
190,"Paseo","Camita Portátil","Baby Blue","$449","Camita portátil para bebé","1 camita","50% algodón / 50% poliéster","30 x 75 cm. (abierta)","/FinalProject/images/Productos/paseo/camitaPortatil/babyBlue.jpg"
191,"Paseo","Camita Portátil","Baby Pink","$449","Camita portátil para bebé","1 camita","50% algodón / 50% poliéster","30 x 75 cm. (abierta)","/FinalProject/images/Productos/paseo/camitaPortatil/babyPink.jpg"
192,"Paseo","Camita Portátil","Jirafita","$449","Camita portátil para bebé","1 camita","50% algodón / 50% poliéster","30 x 75 cm. (abierta)","/FinalProject/images/Productos/paseo/camitaPortatil/jirafita.jpg"
193,"Paseo","Camita Portátil","Minnie ","$499","Camita portátil para bebé","1 camita","50% algodón / 50% poliéster","30 x 75 cm. (abierta)","/FinalProject/images/Productos/paseo/camitaPortatil/minnie.jpg"
194,"Paseo","Cangureras","Baby Pink","$599","Cangurera para bebé","1 cangurera","50% algodón / 50% poliéster","Estándar","/FinalProject/images/Productos/paseo/cangurera/babyPink.jpg"
195,"Paseo","Cangureras","Baby Blue","$599","Cangurera para bebé","1 cangurera","50% algodón / 50% poliéster","Estándar","/FinalProject/images/Productos/paseo/cangurera/babyBlue.jpg"
196,"Paseo","Cangureras","Jirafita","$599","Cangurera para bebé","1 cangurera","50% algodón / 50% poliéster","Estándar","/FinalProject/images/Productos/paseo/cangurera/jirafita.jpg"
197,"Paseo","Cangureras","Mickey","$699","Cangurera para bebé","1 cangurera","50% algodón / 50% poliéster","Estándar","/FinalProject/images/Productos/paseo/cangurera/mickey.jpg"
198,"Paseo","Cangureras","Minnie ","$699","Cangurera para bebé","1 cangurera","50% algodón / 50% poliéster","Estándar","/FinalProject/images/Productos/paseo/cangurera/minnie.jpg"
199,"Paseo","Cangureras","Baby","$599","Cangurera para bebé","1 cangurera","50% algodón / 50% poliéster","Estándar","/FinalProject/images/Productos/paseo/cangurera/baby.jpg"
200,"Paseo","Cangureras","Búhos","$599","Cangurera para bebé","1 cangurera","50% algodón / 50% poliéster","Estándar","/FinalProject/images/Productos/paseo/cangurera/buhos.jpg"
201,"Paseo","Carriolas","Sport Rosa","$2,599","Carriola sport plegable","1 carriola","100% poliéster","Estándar","/FinalProject/images/Productos/paseo/carriolas/sportRosa.jpg"
202,"Paseo","Carriolas","Lux Roja","$2,899","Carriola sport plegable","1 carriola","100% poliéster","Estándar","/FinalProject/images/Productos/paseo/carriolas/luxRoja.jpg"
203,"Paseo","Cojín para Cuello","Mickey","$229","Cojín de soporte para cuello","1 cojín para cuello","100% poliéster","28 x 28 cm.","/FinalProject/images/Productos/paseo/cojinParaCuello/mickey.jpg"
204,"Paseo","Cojín para Cuello","Minnie ","$229","Cojín de soporte para cuello","1 cojín para cuello","100% poliéster","28 x 28 cm.","/FinalProject/images/Productos/paseo/cojinParaCuello/minnie.jpg"
205,"Paseo","Cojín para Cuello","Colors","$199","Cojín de soporte para cuello","1 cojín para cuello","100% poliéster","28 x 28 cm.","/FinalProject/images/Productos/paseo/cojinParaCuello/colors.jpg"
206,"Paseo","Cojín para Cuello","Changuito","$199","Cojín de soporte para cuello","1 cojín para cuello","100% poliéster","28 x 28 cm.","/FinalProject/images/Productos/paseo/cojinParaCuello/changuito.jpg"
207,"Paseo","Cojín para Cuello","Azul","$199","Cojín de soporte para cuello","1 cojín para cuello","100% poliéster","28 x 28 cm.","/FinalProject/images/Productos/paseo/cojinParaCuello/azul.jpg"
208,"Paseo","Cojín para Cuello","Bayo","$199","Cojín de soporte para cuello","1 cojín para cuello","100% poliéster","28 x 28 cm.","/FinalProject/images/Productos/paseo/cojinParaCuello/bayo.jpg"
209,"Paseo","Chiqui Bag","Búho","$439","Chiqui bag de paseo","1 chiqui bag","100% poliéster","0-6 meses","/FinalProject/images/Productos/paseo/chiquiBag/buho.jpg"
210,"Paseo","Chiqui Bag","Leoncito","$439","Chiqui bag de paseo","1 chiqui bag","100% poliéster","0-6 meses","/FinalProject/images/Productos/paseo/chiquiBag/leoncito.jpg"
211,"Paseo","Chiqui Bag","Magic Princess","$439","Chiqui bag de paseo","1 chiqui bag","100% poliéster","0-6 meses","/FinalProject/images/Productos/paseo/chiquiBag/magicPrincess.jpg"
212,"Paseo","Chiqui Bag","Mickey","$489","Chiqui bag de paseo","1 chiqui bag","100% poliéster","0-6 meses","/FinalProject/images/Productos/paseo/chiquiBag/mickey.jpg"
213,"Paseo","Chiqui Bag","Minnie ","$489","Chiqui bag de paseo","1 chiqui bag","100% poliéster","0-6 meses","/FinalProject/images/Productos/paseo/chiquiBag/minnie.jpg"
214,"Paseo","Chiqui Bag","Osito","$439","Chiqui bag de paseo","1 chiqui bag","100% poliéster","0-6 meses","/FinalProject/images/Productos/paseo/chiquiBag/osito.jpg"
215,"Paseo","Coordinado para Portabebé","Baby Pink","$259","Vestidura para portabebé","1 capucha + 1 vestidura para asiento","50% algodón / 50% poliéster","Estándar","/FinalProject/images/Productos/paseo/coordinadoPortabebe/babyPink.jpg"
216,"Paseo","Coordinado para Portabebé","Mi Osita ","$259","Vestidura para portabebé","1 capucha + 1 vestidura para asiento","50% algodón / 50% poliéster","Estándar","/FinalProject/images/Productos/paseo/coordinadoPortabebe/miOsita.jpg"
217,"Paseo","Coordinado para Portabebé","Mi Osito ","$259","Vestidura para portabebé","1 capucha + 1 vestidura para asiento","50% algodón / 50% poliéster","Estándar","/FinalProject/images/Productos/paseo/coordinadoPortabebe/miOsito.jpg"
218,"Paseo","Coordinado para Portabebé","Búhos","$259","Vestidura para portabebé","1 capucha + 1 vestidura para asiento","50% algodón / 50% poliéster","Estándar","/FinalProject/images/Productos/paseo/coordinadoPortabebe/buhos.jpg"
219,"Paseo","Coordinado para Portabebé","Jirafita","$259","Vestidura para portabebé","1 capucha + 1 vestidura para asiento","50% algodón / 50% poliéster","Estándar","/FinalProject/images/Productos/paseo/coordinadoPortabebe/jirafita.jpg"
220,"Paseo","Coordinado para Portabebé","Mickey","$289","Vestidura para portabebé","1 capucha + 1 vestidura para asiento","50% algodón / 50% poliéster","Estándar","/FinalProject/images/Productos/paseo/coordinadoPortabebe/mickey.jpg"
221,"Paseo","Cuna Portátil","Cuna Portátil","$2,499","Cuna para viaje y corralito","1 cuna + segundo nivel + cambiador + juguetero","Plástico","0.75 x 1.03 x 0.90 m.","/FinalProject/images/Productos/paseo/cunaPortatil/cunaPortatil.jpg"
222,"Paseo","Mochilitas","Smiley","$259","Mochilita","1 mochilita","100% poliéster","28 x 26 cm.","/FinalProject/images/Productos/paseo/mochilita/smiley.jpg"
223,"Paseo","Mochilitas","Balón","$259","Mochilita","1 mochilita","100% poliéster","28 x 28 cm.","/FinalProject/images/Productos/paseo/mochilita/balon.jpg"
224,"Paseo","Mochilitas","Mariposita","$259","Mochilita","1 mochilita","100% poliéster","28 x 26 cm.","/FinalProject/images/Productos/paseo/mochilita/mariposita.jpg"
225,"Paseo","Mochilitas","Unicornio","$359","Mochilita","1 mochilita","100% poliéster","25 x 58 cm.","/FinalProject/images/Productos/paseo/mochilita/unicornio.jpg"
226,"Paseo","Mochilitas","Huesos","$369","Mochilita","1 mochilita","100% poliéster","25 x 58 cm.","/FinalProject/images/Productos/paseo/mochilita/huesos.jpg"
227,"Paseo","Mochilitas","Tiburón","$259","Mochilita","1 mochilita","100% poliéster","28 x 26 cm.","/FinalProject/images/Productos/paseo/mochilita/tiburon.jpg"
228,"Paseo","Pañaleras","Mickey","$469","Pañalera bolsa & back pack","1 pañalera","50% algodón / 50% poliéster","40 x 35 cm.","/FinalProject/images/Productos/paseo/panaleras/mickey.jpg"
229,"Paseo","Pañaleras","Winnie the Pooh ","$469","Pañalera bolsa & back pack","1 pañalera","50% algodón / 50% poliéster","40 x 35 cm.","/FinalProject/images/Productos/paseo/panaleras/winnieThePooh.jpg"
230,"Paseo","Pañaleras","Minnie ","$469","Pañalera bolsa & back pack","1 pañalera","50% algodón / 50% poliéster","40 x 35 cm.","/FinalProject/images/Productos/paseo/panaleras/minnie.jpg"
231,"Paseo","Pañaleras","Búhos","$399","Pañalera bolsa & back pack","1 pañalera","50% algodón / 50% poliéster","40 x 35 cm.","/FinalProject/images/Productos/paseo/panaleras/buhos.jpg"
232,"Paseo","Pañaleras","Pooh Musical","$469","Pañalera bolsa & back pack","1 pañalera","50% algodón / 50% poliéster","40 x 35 cm.","/FinalProject/images/Productos/paseo/panaleras/poohMusical.jpg"
233,"Paseo","Pañaleras","Jirafita","$399","Pañalera bolsa & back pack","1 pañalera","50% algodón / 50% poliéster","40 x 35 cm.","/FinalProject/images/Productos/paseo/panaleras/jirafita.jpg"
234,"Paseo","Pañaleras","Baby Pink","$399","Pañalera bolsa & back pack","1 pañalera","50% algodón / 50% poliéster","40 x 35 cm.","/FinalProject/images/Productos/paseo/panaleras/babyPink.jpg"
235,"Paseo","Pañaleras","Muñecas","$399","Pañalera bolsa & back pack","1 pañalera","50% algodón / 50% poliéster","40 x 35 cm.","/FinalProject/images/Productos/paseo/panaleras/munecas.jpg"
236,"Paseo","Pañaleras","Candy","$399","Pañalera bolsa & back pack","1 pañalera","50% algodón / 50% poliéster","40 x 35 cm.","/FinalProject/images/Productos/paseo/panaleras/candy.jpg"
237,"Paseo","Pañaleras","Best Friends ","$399","Pañalera bolsa & back pack","1 pañalera","50% algodón / 50% poliéster","40 x 35 cm.","/FinalProject/images/Productos/paseo/panaleras/bestFriends.jpg"
238,"Paseo","Pañaleras","Navy","$399","Pañalera bolsa & back pack","1 pañalera","50% algodón / 50% poliéster","40 x 35 cm.","/FinalProject/images/Productos/paseo/panaleras/navy.jpg"
239,"Paseo","Pañaleras","Baby Blue","$399","Pañalera bolsa & back pack","1 pañalera","50% algodón / 50% poliéster","40 x 35 cm.","/FinalProject/images/Productos/paseo/panaleras/babyBlue.jpg"
240,"Paseo","Portabebés","Rojo","$1,399","Silla porta bebé","1 porta bebé + cojín acolchado","100% poliéster","0 a 9 meses","/FinalProject/images/Productos/paseo/portabebes/rojo.jpg"
241,"Paseo","Portabebés","Rosa","$1,399","Silla porta bebé","1 porta bebé + cojín acolchado","100% poliéster","0 a 9 meses","/FinalProject/images/Productos/paseo/portabebes/rosa.jpg"
242,"Paseo","Cambiador y Porta Toallas","Búhos","$219","Cambiador de pañales","1 cambiador","50% algodón / 50% poliéster","30 x 75 cm.","/FinalProject/images/Productos/paseo/cambiador/buhos.jpg"
243,"Paseo","Cambiador y Porta Toallas","Mickey","$239","Cambiador de pañales","1 cambiador","50% algodón / 50% poliéster","30 x 75 cm.","/FinalProject/images/Productos/paseo/cambiador/mickey.jpg"
244,"Paseo","Cambiador y Porta Toallas","Minnie ","$239","Cambiador de pañales","1 cambiador","50% algodón / 50% poliéster","30 x 75 cm.","/FinalProject/images/Productos/paseo/cambiador/minnie.jpg"
245,"Paseo","Cambiador y Porta Toallas","Baby Blue","$219","Cambiador de pañales","1 porta toallas + 1 cambiador","50% algodón / 50% poliéster","50 x 50 cm.","/FinalProject/images/Productos/paseo/cambiador/babyBlue.jpg"
246,"Paseo","Cambiador y Porta Toallas","Baby Pink","$219","Cambiador de pañales","1 porta toallas + 1 cambiador","50% algodón / 50% poliéster","50 x 50 cm.","/FinalProject/images/Productos/paseo/cambiador/babyPink.jpg"
247,"Paseo","Cambiador y Porta Toallas","Jirafita","$219","Cambiador de pañales","1 cambiador","50% algodón / 50% poliéster","30 x 75 cm.","/FinalProject/images/Productos/paseo/cambiador/jirafita.jpg"
248,"Paseo","Rebozos","Baby Safari ","$469","Rebozo para bebé","1 rebozo","50% algodón / 50% poliéster","0 a 6 meses","/FinalProject/images/Productos/paseo/rebozo/babySafari.jpg"
249,"Paseo","Rebozos","Mi Osita ","$469","Rebozo para bebé","1 rebozo","50% algodón / 50% poliéster","0 a 6 meses","/FinalProject/images/Productos/paseo/rebozo/miOsita.jpg"
250,"Paseo","Rebozos","Minnie ","$519","Rebozo para bebé","1 rebozo","50% algodón / 50% poliéster","0 a 6 meses","/FinalProject/images/Productos/paseo/rebozo/minnie.jpg"
251,"Paseo","Rebozos","Búhos","$469","Rebozo para bebé","1 rebozo","50% algodón / 50% poliéster","0 a 6 meses","/FinalProject/images/Productos/paseo/rebozo/buhos.jpg"
252,"Paseo","Rebozos","Mickey","$519","Rebozo para bebé","1 rebozo","50% algodón / 50% poliéster","0 a 6 meses","/FinalProject/images/Productos/paseo/rebozo/mickey.jpg"
253,"Paseo","Rebozos","Best Friends ","$469","Rebozo para bebé","1 rebozo","50% algodón / 50% poliéster","0 a 6 meses","/FinalProject/images/Productos/paseo/rebozo/bestFriends.jpg"
254,"Paseo","Rebozos","Mi Osito ","$469","Rebozo para bebé","1 rebozo","50% algodón / 50% poliéster","0 a 6 meses","/FinalProject/images/Productos/paseo/rebozo/miOsito.jpg"
255,"Paseo","Rebozos","Baby Blue","$469","Rebozo para bebé","1 rebozo","50% algodón / 50% poliéster","0 a 6 meses","/FinalProject/images/Productos/paseo/rebozo/babyBlue.jpg"
256,"Paseo","Rebozos","Baby Pink","$469","Rebozo para bebé","1 rebozo","50% algodón / 50% poliéster","0 a 6 meses","/FinalProject/images/Productos/paseo/rebozo/babyPink.jpg"
257,"Paseo","Rebozos","Jirafita","$469","Rebozo para bebé","1 rebozo","50% algodón / 50% poliéster","0 a 6 meses","/FinalProject/images/Productos/paseo/rebozo/jirafita.jpg"
258,"Paseo","Rebozos","Teddy","$469","Rebozo para bebé","1 rebozo","50% algodón / 50% poliéster","0 a 6 meses","/FinalProject/images/Productos/paseo/rebozo/teddy.jpg"
259,"Paseo","Sabanita de Lactancia","Búhos","$199","Sabanita de lactancia","1 sabanita","50% algodón / 50% poliéster","90 x 83 cm.","/FinalProject/images/Productos/paseo/sabanitaDeLactancia/buhos.jpg"
260,"Paseo","Sabanita de Lactancia","Diversión","$199","Sabanita de lactancia","1 sabanita","50% algodón / 50% poliéster","90 x 83 cm.","/FinalProject/images/Productos/paseo/sabanitaDeLactancia/diversion.jpg"
261,"Paseo","Sabanita de Lactancia","Marino","$199","Sabanita de lactancia","1 sabanita","50% algodón / 50% poliéster","90 x 83 cm.","/FinalProject/images/Productos/paseo/sabanitaDeLactancia/marino.jpg"
262,"Paseo","Sabanita de Lactancia","Mickey","$219","Sabanita de lactancia","1 sabanita","50% algodón / 50% poliéster","90 x 83 cm.","/FinalProject/images/Productos/paseo/sabanitaDeLactancia/mickey.jpg"
263,"Paseo","Sabanita de Lactancia","Minnie ","$219","Sabanita de lactancia","1 sabanita","50% algodón / 50% poliéster","90 x 83 cm.","/FinalProject/images/Productos/paseo/sabanitaDeLactancia/minnie.jpg"
264,"Básicos","Abrazables","Búho","$249","Almohada abrazable","1 abrazable","100% poliéster","32 x 72 cm.","/FinalProject/images/Productos/basicos/abrazable/buho.jpg"
265,"Básicos","Abrazables","Minnie ","$269","Almohada abrazable","1 abrazable","100% poliéster","32 x 72 cm.","/FinalProject/images/Productos/basicos/abrazable/minnie.jpg"
266,"Básicos","Abrazables","Mickey","$269","Almohada abrazable","1 abrazable","100% poliéster","32 x 72 cm.","/FinalProject/images/Productos/basicos/abrazable/mickey.jpg"
267,"Básicos","Abrazables","Changuito","$249","Almohada abrazable","1 abrazable","100% poliéster","32 x 72 cm.","/FinalProject/images/Productos/basicos/abrazable/changuito.jpg"
268,"Básicos","Abrazables","Huesos","$249","Almohada abrazable","1 abrazable","100% poliéster","32 x 72 cm.","/FinalProject/images/Productos/basicos/abrazable/huesos.jpg"
269,"Básicos","Almohaditas","Blanca","$129","Almohadita","1 almohadita","100% poliéster","40 x 30 cm.","/FinalProject/images/Productos/basicos/almohadita/blanca.jpg"
270,"Básicos","Almohaditas","Azul","$129","Almohadita","1 almohadita","100% poliéster","40 x 30 cm.","/FinalProject/images/Productos/basicos/almohadita/azul.jpg"
271,"Básicos","Almohaditas","Rosa","$129","Almohadita","1 almohadita","100% poliéster","40 x 30 cm.","/FinalProject/images/Productos/basicos/almohadita/rosa.jpg"
272,"Básicos","Almohaditas Jumbo","Mickey","$209","Almohadita jumbo","1 almohadita","100% poliéster","54 x 38 cm.","/FinalProject/images/Productos/basicos/almohaditaJumbo/mickey.jpg"
273,"Básicos","Almohaditas Jumbo","Minnie ","$209","Almohadita jumbo","1 almohadita","100% poliéster","54 x 38 cm.","/FinalProject/images/Productos/basicos/almohaditaJumbo/minnie.jpg"
274,"Básicos","Almohaditas Jumbo","Baby Zoo","$189","Almohadita jumbo","1 almohadita","100% poliéster","54 x 38 cm.","/FinalProject/images/Productos/basicos/almohaditaJumbo/babyZoo.jpg"
275,"Básicos","Almohaditas Jumbo","Búhos","$189","Almohadita jumbo","1 almohadita","100% poliéster","54 x 38 cm.","/FinalProject/images/Productos/basicos/almohaditaJumbo/buhos.jpg"
276,"Básicos","Almohaditas Jumbo","Flores","$189","Almohadita jumbo","1 almohadita","100% poliéster","54 x 38 cm.","/FinalProject/images/Productos/basicos/almohaditaJumbo/flores.jpg"
277,"Básicos","Almohaditas Jumbo","Mascotitas","$189","Almohadita jumbo","1 almohadita","100% poliéster","54 x 38 cm.","/FinalProject/images/Productos/basicos/almohaditaJumbo/mascotitas.jpg"
278,"Básicos","Baby Bouncer","Azul","$1,399","Sillita para bebé","1 baby bouncer","100% poliéster","0 a 12 meses","/FinalProject/images/Productos/basicos/babyBouncer/azul.jpg"
279,"Básicos","Baby Bouncer","Rosa","$1,399","Sillita para bebé","1 baby bouncer","100% poliéster","0 a 12 meses","/FinalProject/images/Productos/basicos/babyBouncer/rosa.jpg"
280,"Básicos","Batitas","Bunny","$429","Batita de baño","1 batita","90% algodón / 10% poliéster","1-2 años y 3-4 años","/FinalProject/images/Productos/basicos/batitas/bunny.jpg"
281,"Básicos","Batitas","Changuito","$429","Batita de baño","1 batita","90% algodón / 10% poliéster","1-2 años y 3-4 años","/FinalProject/images/Productos/basicos/batitas/changuito.jpg"
282,"Básicos","Batitas","Corazones","$429","Batita de baño","1 batita","90% algodón / 10% poliéster","1-2 años y 3-4 años","/FinalProject/images/Productos/basicos/batitas/corazones.jpg"
283,"Básicos","Batitas","Huesos","$429","Batita de baño","1 batita","90% algodón / 10% poliéster","1-2 años y 3-4 años","/FinalProject/images/Productos/basicos/batitas/huesos.jpg"
284,"Básicos","Batitas","Mike Wazowski","$469","Batita de baño","1 batita","90% algodón / 10% poliéster","1-2 años y 3-4 años","/FinalProject/images/Productos/basicos/batitas/mikeWazowski.jpg"
285,"Básicos","Batitas","Navy","$429","Batita de baño","1 batita","90% algodón / 10% poliéster","1-2 años y 3-4 años","/FinalProject/images/Productos/basicos/batitas/navy.jpg"
286,"Básicos","Batitas","Pony","$429","Batita de baño","1 batita","90% algodón / 10% poliéster","1-2 años y 3-4 años","/FinalProject/images/Productos/basicos/batitas/pony.jpg"
287,"Básicos","Batitas","Osita","$429","Batita de baño","1 batita","90% algodón / 10% poliéster","1-2 años y 3-4 años","/FinalProject/images/Productos/basicos/batitas/osita.jpg"
288,"Básicos","Batitas Supersoft","Baby Zoo","$289","Batita de descanso","1 batita","100% poliéster","1-2 años y 3-4 años","/FinalProject/images/Productos/basicos/batitaSupersoft/babyZoo.jpg"
289,"Básicos","Batitas Supersoft","Búhos","$289","Batita de descanso","1 batita","100% poliéster","1-2 años y 3-4 años","/FinalProject/images/Productos/basicos/batitaSupersoft/buhos.jpg"
290,"Básicos","Batitas Supersoft","Minnie ","$319","Batita de descanso","1 batita","100% poliéster","1-2 años y 3-4 años","/FinalProject/images/Productos/basicos/batitaSupersoft/minnie.jpg"
291,"Básicos","Batitas Supersoft","Mascotitas","$289","Batita de descanso","1 batita","100% poliéster","1-2 años y 3-4 años","/FinalProject/images/Productos/basicos/batitaSupersoft/mascotitas.jpg"
292,"Básicos","Batitas Supersoft","Candy","$289","Batita de descanso","1 batita","100% poliéster","1-2 años y 3-4 años","/FinalProject/images/Productos/basicos/batitaSupersoft/candy.jpg"
293,"Básicos","Batitas Supersoft","Mickey","$319","Batita de descanso","1 batita","100% poliéster","1-2 años y 3-4 años","/FinalProject/images/Productos/basicos/batitaSupersoft/mickey.jpg"
294,"Básicos","Cojín de Descanso","Changuito","$359","Cojín anti roll","1 cojín de descanso","100% poliéster","28 x 32 cm.","/FinalProject/images/Productos/basicos/cojinDeDescanso/changuito.jpg"
295,"Básicos","Cojín de Descanso","Osito Beige","$359","Cojín anti roll","1 cojín de descanso","100% poliéster","28 x 32 cm.","/FinalProject/images/Productos/basicos/cojinDeDescanso/ositoBeige.jpg"
296,"Básicos","Cojín de Descanso","Osito Rosa","$359","Cojín anti roll","1 cojín de descanso","100% poliéster","28 x 32 cm.","/FinalProject/images/Productos/basicos/cojinDeDescanso/ositoRosa.jpg"
297,"Básicos","Cojín de Descanso","Osito Azul","$359","Cojín anti roll","1 cojín de descanso","100% poliéster","28 x 32 cm.","/FinalProject/images/Productos/basicos/cojinDeDescanso/ositoAzul.jpg"
298,"Básicos","Cojín de Descanso","Chocolate","$359","Cojín anti roll","1 cojín de descanso","100% poliéster","28 x 32 cm.","/FinalProject/images/Productos/basicos/cojinDeDescanso/chocolate.jpg"
299,"Básicos","Cojín de Descanso","Minnie ","$359","Cojín anti roll","1 cojín de descanso","100% poliéster","28 x 32 cm.","/FinalProject/images/Productos/basicos/cojinDeDescanso/minnie.jpg"
300,"Básicos","Cojín de Descanso","Mickey","$359","Cojín anti roll","1 cojín de descanso","100% poliéster","28 x 32 cm.","/FinalProject/images/Productos/basicos/cojinDeDescanso/mickey.jpg"
301,"Básicos","Cojín Multiusos","Minnie ","$549","Cojín 4 en 1","1 cojín multiusos + sujetador","100% poliéster","70 x 75 cm.","/FinalProject/images/Productos/basicos/cojinMultiusos/minnie.jpg"
302,"Básicos","Cojín Multiusos","Mickey","$549","Cojín 4 en 1","1 cojín multiusos + sujetador","100% poliéster","70 x 75 cm.","/FinalProject/images/Productos/basicos/cojinMultiusos/mickey.jpg"
303,"Básicos","Cojín Multiusos","Colors","$499","Cojín 4 en 1","1 cojín multiusos + sujetador","100% poliéster","70 x 75 cm.","/FinalProject/images/Productos/basicos/cojinMultiusos/colors.jpg"
304,"Básicos","Cojín Multiusos","Chocolate","$499","Cojín 4 en 1","1 cojín multiusos + sujetador","100% poliéster","70 x 75 cm.","/FinalProject/images/Productos/basicos/cojinMultiusos/chocolate.jpg"
305,"Básicos","Cojín Multiusos","Navy","$499","Cojín 4 en 1","1 cojín multiusos + sujetador","100% poliéster","70 x 75 cm.","/FinalProject/images/Productos/basicos/cojinMultiusos/navy.jpg"
306,"Básicos","Cojín Multiusos","Beige","$499","Cojín 4 en 1","1 cojín multiusos + sujetador","100% poliéster","70 x 75 cm.","/FinalProject/images/Productos/basicos/cojinMultiusos/beige.jpg"
307,"Básicos","Cojín Multiusos","Rosa","$499","Cojín 4 en 1","1 cojín multiusos + sujetador","100% poliéster","70 x 75 cm.","/FinalProject/images/Productos/basicos/cojinMultiusos/rosa.jpg"
308,"Básicos","Cojín Multiusos","Azul","$499","Cojín 4 en 1","1 cojín multiusos + sujetador","100% poliéster","70 x 75 cm.","/FinalProject/images/Productos/basicos/cojinMultiusos/azul.jpg"
309,"Básicos","Colchón Anti Reflujo","Jirafita","$369","Colchón con inclinación para la digestión","1 colchón +","50% algodón / 50% poliéster","50 x 50 cm.","/FinalProject/images/Productos/basicos/colchonAntiReflujo/jirafita.jpg"
310,"Básicos","Colchón Anti Reflujo","Minnie ","$409","Colchón con inclinación para la digestión","2 cilindros ajustables anti-roll","50% algodón / 50% poliéster","50 x 50 cm.","/FinalProject/images/Productos/basicos/colchonAntiReflujo/minnie.jpg"
311,"Básicos","Colchón Anti Reflujo","Baby Love ","$369","Colchón con inclinación para la digestión","1 colchón +","50% algodón / 50% poliéster","50 x 50 cm.","/FinalProject/images/Productos/basicos/colchonAntiReflujo/babyLove.jpg"
312,"Básicos","Colchón Anti Reflujo","Búhos","$529","Colchón con inclinación para la digestión","2 cilindros ajustables anti-roll","50% algodón / 50% poliéster","50 x 80 cm.","/FinalProject/images/Productos/basicos/colchonAntiReflujo/buhos.jpg"
313,"Básicos","Colchón Anti Reflujo","Mickey","$599","Colchón con inclinación para la digestión","1 colchón +","50% algodón / 50% poliéster","50 x 80 cm.","/FinalProject/images/Productos/basicos/colchonAntiReflujo/mickey.jpg"
314,"Básicos","Colchón Anti Reflujo","Baby Blue","$529","Colchón con inclinación para la digestión","2 cilindros ajustables anti-roll","50% algodón / 50% poliéster","50 x 80 cm.","/FinalProject/images/Productos/basicos/colchonAntiReflujo/babyBlue.jpg"
315,"Básicos","Colchón Anti Reflujo","Baby Pink","$529","Colchón con inclinación para la digestión","1 colchón +","50% algodón / 50% poliéster","50 x 80 cm.","/FinalProject/images/Productos/basicos/colchonAntiReflujo/babyPink.jpg"
316,"Básicos","Colchón Anti Reflujo","Teddy","$529","Colchón con inclinación para la digestión","2 cilindros ajustables anti-roll","50% algodón / 50% poliéster","50 x 80 cm.","/FinalProject/images/Productos/basicos/colchonAntiReflujo/teddy.jpg"
317,"Básicos","Costalitos","Mike Wazowski","$349","Costalito para bebé","1 costalito","100% poliéster","0-6 meses","/FinalProject/images/Productos/basicos/costalito/mikeWazowski.jpg"
318,"Básicos","Costalitos","Mickey","$349","Costalito para bebé","1 costalito","100% poliéster","0-6 meses","/FinalProject/images/Productos/basicos/costalito/mickey.jpg"
319,"Básicos","Costalitos","Minnie ","$349","Costalito para bebé","1 costalito","100% poliéster","0-6 meses","/FinalProject/images/Productos/basicos/costalito/minnie.jpg"
320,"Básicos","Costalitos","Conejita","$299","Costalito para bebé","1 costalito","100% poliéster","0-6 meses","/FinalProject/images/Productos/basicos/costalito/conejita.jpg"
321,"Básicos","Costalitos","Osito","$299","Costalito para bebé","1 costalito","100% poliéster","0-6 meses","/FinalProject/images/Productos/basicos/costalito/osito.jpg"
322,"Básicos","Costalitos","Ratoncito","$299","Costalito para bebé","1 costalito","100% poliéster","0-6 meses","/FinalProject/images/Productos/basicos/costalito/ratoncito.jpg"
323,"Básicos","Costalitos","Oruguita Rosa","$299","Costalito para bebé","1 costalito","100% poliéster","0-6 meses","/FinalProject/images/Productos/basicos/costalito/oruguitaRosa.jpg"
324,"Básicos","Costalitos","Jirafita","$299","Costalito para bebé","1 costalito","100% poliéster","0-6 meses","/FinalProject/images/Productos/basicos/costalito/jirafita.jpg"
325,"Básicos","Costalitos","Pio","$299","Costalito para bebé","1 costalito","100% poliéster","0-6 meses","/FinalProject/images/Productos/basicos/costalito/pio.jpg"
326,"Básicos","Costalitos","Pingui","$299","Costalito para bebé","1 costalito","100% poliéster","0-6 meses","/FinalProject/images/Productos/basicos/costalito/pingui.jpg"
327,"Básicos","Costalitos","Chicharito","$299","Costalito para bebé","1 costalito","100% poliéster","0-6 meses","/FinalProject/images/Productos/basicos/costalito/chicharito.jpg"
328,"Básicos","Frazada Chiqui Fleece","Baby Blue","$129","Frazadita para bebé","1 frazadita","100% poliéster","70 x 80 cm.","/FinalProject/images/Productos/basicos/frazadaChiquiFleece/babyBlue.jpg"
329,"Básicos","Frazada Chiqui Fleece","Hunny Days","$149","Frazadita para bebé","1 frazadita","100% poliéster","70 x 80 cm.","/FinalProject/images/Productos/basicos/frazadaChiquiFleece/hunnyDays.jpg"
330,"Básicos","Frazada Chiqui Fleece","Jirafita","$129","Frazadita para bebé","1 frazadita","100% poliéster","70 x 80 cm.","/FinalProject/images/Productos/basicos/frazadaChiquiFleece/jirafita.jpg"
331,"Básicos","Frazada Chiqui Fleece","Mickey","$149","Frazadita para bebé","1 frazadita","100% poliéster","70 x 80 cm.","/FinalProject/images/Productos/basicos/frazadaChiquiFleece/mickey.jpg"
332,"Básicos","Frazada Chiqui Fleece","Minnie ","$149","Frazadita para bebé","1 frazadita","100% poliéster","70 x 80 cm.","/FinalProject/images/Productos/basicos/frazadaChiquiFleece/minnie.jpg"
333,"Básicos","Frazada Chiqui Fleece","Osita","$129","Frazadita para bebé","1 frazadita","100% poliéster","70 x 80 cm.","/FinalProject/images/Productos/basicos/frazadaChiquiFleece/osita.jpg"
334,"Básicos","Frazada Ligera","Azul","$99","Frazadita para bebé","1 frazadita","100% poliéster","70 x 80 cm.","/FinalProject/images/Productos/basicos/frazadaLigera/azul.jpg"
335,"Básicos","Frazada Ligera","Baby Zoo","$99","Frazadita para bebé","1 frazadita","100% poliéster","70 x 80 cm.","/FinalProject/images/Productos/basicos/frazadaLigera/babyZoo.jpg"
336,"Básicos","Frazada Ligera","Búhos","$99","Frazadita para bebé","1 frazadita","100% poliéster","70 x 80 cm.","/FinalProject/images/Productos/basicos/frazadaLigera/buhos.jpg"
337,"Básicos","Frazada Ligera","Candy","$99","Frazadita para bebé","1 frazadita","100% poliéster","70 x 80 cm.","/FinalProject/images/Productos/basicos/frazadaLigera/candy.jpg"
338,"Básicos","Frazada Ligera","Chocolate","$99","Frazadita para bebé","1 frazadita","100% poliéster","70 x 80 cm.","/FinalProject/images/Productos/basicos/frazadaLigera/chocolate.jpg"
339,"Básicos","Frazada Ligera","Colors","$99","Frazadita para bebé","1 frazadita","100% poliéster","70 x 80 cm.","/FinalProject/images/Productos/basicos/frazadaLigera/colors.jpg"
340,"Básicos","Frazada Ligera","Dream","$99","Frazadita para bebé","1 frazadita","100% poliéster","70 x 80 cm.","/FinalProject/images/Productos/basicos/frazadaLigera/dream.jpg"
341,"Básicos","Frazada Ligera","Flores","$99","Frazadita para bebé","1 frazadita","100% poliéster","70 x 80 cm.","/FinalProject/images/Productos/basicos/frazadaLigera/flores.jpg"
342,"Básicos","Frazada Ligera","Mascotitas","$99","Frazadita para bebé","1 frazadita","100% poliéster","70 x 80 cm.","/FinalProject/images/Productos/basicos/frazadaLigera/mascotitas.jpg"
343,"Básicos","Frazada Ligera","Mickey","$119","Frazadita para bebé","1 frazadita","100% poliéster","70 x 80 cm.","/FinalProject/images/Productos/basicos/frazadaLigera/mickey.jpg"
344,"Básicos","Frazada Ligera","Minnie ","$119","Frazadita para bebé","1 frazadita","100% poliéster","70 x 80 cm.","/FinalProject/images/Productos/basicos/frazadaLigera/minnie.jpg"
345,"Básicos","Frazada Ligera","Navy","$99","Frazadita para bebé","1 frazadita","100% poliéster","70 x 80 cm.","/FinalProject/images/Productos/basicos/frazadaLigera/navy.jpg"
346,"Básicos","Mi Primera Batita","Azul","$249","Batita de baño","1 batita","90% algodón / 10% poliéster","0-12 meses","/FinalProject/images/Productos/basicos/miPrimeraBatita/azul.jpg"
347,"Básicos","Mi Primera Batita","Beige","$249","Batita de baño","1 batita","90% algodón / 10% poliéster","0-12 meses","/FinalProject/images/Productos/basicos/miPrimeraBatita/beige.jpg"
348,"Básicos","Mi Primera Batita","Corazones","$249","Batita de baño","1 batita","90% algodón / 10% poliéster","0-12 meses","/FinalProject/images/Productos/basicos/miPrimeraBatita/corazones.jpg"
349,"Básicos","Mi Primera Batita","Navy","$249","Batita de baño","1 batita","90% algodón / 10% poliéster","0-12 meses","/FinalProject/images/Productos/basicos/miPrimeraBatita/navy.jpg"
350,"Básicos","Mi Primera Batita","Rosa","$249","Batita de baño","1 batita","90% algodón / 10% poliéster","0-12 meses","/FinalProject/images/Productos/basicos/miPrimeraBatita/rosa.jpg"
351,"Básicos","Mi Primera Batita","Stars","$249","Batita de baño","1 batita","90% algodón / 10% poliéster","0-12 meses","/FinalProject/images/Productos/basicos/miPrimeraBatita/stars.jpg"
352,"Básicos","Pantuflas","Mike Wazowski","$279","Par de pantuflas bordadas","1 par de pantuflas","100% poliéster","10/12, 13/15 y 16/18","/FinalProject/images/Productos/basicos/pantuflas/mikeWazowski.jpg"
353,"Básicos","Pantuflas","Love","$159","Par de pantuflas","1 par de pantuflas","100% poliéster","10/12 y 13/15","/FinalProject/images/Productos/basicos/pantuflas/love.jpg"
354,"Básicos","Pantuflas","Azul","$159","Par de pantuflas","1 par de pantuflas","100% poliéster","10/12 y 13/15","/FinalProject/images/Productos/basicos/pantuflas/azul.jpg"
355,"Básicos","Pantuflas","Chocolate","$159","Par de pantuflas","1 par de pantuflas","100% poliéster","10/12 y 13/15","/FinalProject/images/Productos/basicos/pantuflas/chocolate.jpg"
356,"Básicos","Pantuflas","Huesos","$259","Par de pantuflas","1 par de pantuflas","100% poliéster","10/12, 13/15 y 16/18","/FinalProject/images/Productos/basicos/pantuflas/huesos.jpg"
357,"Básicos","Pantuflas","Conejita","$259","Par de pantuflas","1 par de pantuflas","100% poliéster","10/12 y 13/15","/FinalProject/images/Productos/basicos/pantuflas/conejita.jpg"
358,"Básicos","Pantuflas","Minnie ","$279","Par de pantuflas","1 par de pantuflas","100% poliéster","10/12, 13/15 y 16/18","/FinalProject/images/Productos/basicos/pantuflas/minnie.jpg"
359,"Básicos","Pantuflas","Mickey","$279","Par de pantuflas","1 par de pantuflas","100% poliéster","10/12, 13/15 y 16/18","/FinalProject/images/Productos/basicos/pantuflas/mickey.jpg"
360,"Básicos","Pantuflas","Dream","$239","Par de pantuflas","1 par de pantuflas","100% poliéster","10/12, 13/15 y 16/18","/FinalProject/images/Productos/basicos/pantuflas/dream.jpg"
361,"Básicos","Pantuflas","Candy","$239","Par de pantuflas","1 par de pantuflas","100% poliéster","10/12, 13/15 y 16/18","/FinalProject/images/Productos/basicos/pantuflas/candy.jpg"
362,"Básicos","Pantuflas","Garras","$279","Par de pantuflas","1 par de pantuflas","100% poliéster","13/15, 16/18 y 19/21","/FinalProject/images/Productos/basicos/pantuflas/garras.jpg"
363,"Básicos","Pijamitas","Candy","$299","Mameluco","1 pijamita","100% poliéster","0-6 y 6-12 meses y 1-2 y 3-4 años","/FinalProject/images/Productos/basicos/pijamita/candy.jpg"
364,"Básicos","Pijamitas","Búhos","$299","Mameluco","1 pijamita","100% poliéster","0-6 y 6-12 meses y 1-2 y 3-4 años","/FinalProject/images/Productos/basicos/pijamita/buhos.jpg"
365,"Básicos","Pijamitas","Baby Zoo","$299","Mameluco","1 pijamita","100% poliéster","0-6 y 6-12 meses y 1-2 y 3-4 años","/FinalProject/images/Productos/basicos/pijamita/babyZoo.jpg"
366,"Básicos","Pijamitas","Mascotitas","$299","Mameluco","1 pijamita","100% poliéster","0-6 y 6-12 meses y 1-2 y 3-4 años","/FinalProject/images/Productos/basicos/pijamita/mascotitas.jpg"
367,"Básicos","Sabanitas para Bebé","Mickey","$299","Set de 2 sabanitas","2 sabanitas","50% algodón / 50% poliéster","95 x 112 cm.","/FinalProject/images/Productos/basicos/sabanita/mickey.jpg"
368,"Básicos","Sabanitas para Bebé","Princesita","$299","Set de 2 sabanitas","2 sabanitas","50% algodón / 50% poliéster","95 x 112 cm.","/FinalProject/images/Productos/basicos/sabanita/princesita.jpg"
369,"Básicos","Sabanitas para Bebé","Teddy","$269","Set de 2 sabanitas","2 sabanitas","50% algodón / 50% poliéster","95 x 112 cm.","/FinalProject/images/Productos/basicos/sabanita/teddy.jpg"
370,"Básicos","Set de Baberos y Repetidor","Jirafita","$159","Set de 2 baberos + repetidor","2 baberos + 1 repetidor","100% poliéster","20 x 30 cm.","/FinalProject/images/Productos/basicos/setBaberosRepetidor/jirafita.jpg"
371,"Básicos","Set de Baberos y Repetidor","Mickey","$179","Set de 2 baberos + repetidor","2 baberos + 1 repetidor","100% poliéster","20 x 30 cm.","/FinalProject/images/Productos/basicos/setBaberosRepetidor/mickey.jpg"
372,"Básicos","Set de Baberos y Repetidor","Minnie ","$179","Set de 2 baberos + repetidor","2 baberos + 1 repetidor","100% poliéster","20 x 30 cm.","/FinalProject/images/Productos/basicos/setBaberosRepetidor/minnie.jpg"
373,"Básicos","Set de Baberos y Repetidor","Baby Zoo","$159","Set de 2 baberos + repetidor","2 baberos + 1 repetidor","100% poliéster","20 x 30 cm.","/FinalProject/images/Productos/basicos/setBaberosRepetidor/babyZoo.jpg"
374,"Básicos","Set de Baberos y Repetidor","Cupcake","$159","Set de 2 baberos + repetidor","2 baberos + 1 repetidor","100% poliéster","20 x 30 cm.","/FinalProject/images/Productos/basicos/setBaberosRepetidor/cupcake.jpg"
375,"Básicos","Set de Baberos y Repetidor","Rosa","$159","Set de 2 baberos + repetidor","2 baberos + 1 repetidor","100% poliéster","20 x 30 cm.","/FinalProject/images/Productos/basicos/setBaberosRepetidor/rosa.jpg"
376,"Básicos","Set de Sabanitas","Búhos","$269","Set de 3 sabanitas","3 sabanitas","65% algodón / 35% poliéster","70 x 80 cm.","/FinalProject/images/Productos/basicos/setSabanita/buhos.jpg"
377,"Básicos","Set de Sabanitas","Minnie ","$299","Set de 3 sabanitas","3 sabanitas","65% algodón / 35% poliéster","70 x 80 cm.","/FinalProject/images/Productos/basicos/setSabanita/minnie.jpg"
378,"Básicos","Set de Sabanitas","Diversión","$269","Set de 3 sabanitas","3 sabanitas","65% algodón / 35% poliéster","70 x 80 cm.","/FinalProject/images/Productos/basicos/setSabanita/diversion.jpg"
379,"Básicos","Set de Sabanitas","Mickey","$299","Set de 3 sabanitas","3 sabanitas","65% algodón / 35% poliéster","70 x 80 cm.","/FinalProject/images/Productos/basicos/setSabanita/mickey.jpg"
380,"Básicos","Set de Pañaleros","Minnie ","$449","Set de 3 pañaleros","3 pañaleros","65% algodón / 35% poliéster","6-12 meses y 12-18 meses","/FinalProject/images/Productos/basicos/setPanalero/minnie.jpg"
381,"Básicos","Set de Pañaleros","Mariposita","$419","Set de 3 pañaleros","3 pañaleros","65% algodón / 35% poliéster","6-12 meses y 12-18 meses","/FinalProject/images/Productos/basicos/setPanalero/mariposita.jpg"
382,"Básicos","Set de Pañaleros",123,"$359","Set de 3 pañaleros","3 pañaleros","65% algodón / 35% poliéster","6-12 meses y 12-18 meses","/FinalProject/images/Productos/basicos/setPanalero/123.jpg"
383,"Básicos","Set de Pañaleros","Búhos","$419","Set de 3 pañaleros","3 pañaleros","65% algodón / 35% poliéster","6-12 meses y 12-18 meses","/FinalProject/images/Productos/basicos/setPanalero/buhos.jpg"
384,"Básicos","Set de Pañaleros","Farm","$419","Set de 3 pañaleros","3 pañaleros","65% algodón / 35% poliéster","6-12 meses y 12-18 meses","/FinalProject/images/Productos/basicos/setPanalero/farm.jpg"
385,"Básicos","Set de Pañaleros","Diversión","$419","Set de 3 pañaleros","3 pañaleros","65% algodón / 35% poliéster","6-12 meses y 12-18 meses","/FinalProject/images/Productos/basicos/setPanalero/diversion.jpg"
386,"Básicos","Set de Pañaleros","Mickey","$449","Set de 3 pañaleros","3 pañaleros","65% algodón / 35% poliéster","6-12 meses y 12-18 meses","/FinalProject/images/Productos/basicos/setPanalero/mickey.jpg"
387,"Básicos","Set de Toallitas","Colors","$119","Set de 3 toallitas","3 toallitas","90% algodón / 10% poliéster","30 x 30 cm.","/FinalProject/images/Productos/basicos/setToallita/colors.jpg"
388,"Básicos","Set de Toallitas","Corazones","$119","Set de 3 toallitas","3 toallitas","90% algodón / 10% poliéster","30 x 30 cm.","/FinalProject/images/Productos/basicos/setToallita/corazones.jpg"
389,"Básicos","Set de Toallitas","Navy","$119","Set de 3 toallitas","3 toallitas","90% algodón / 10% poliéster","30 x 30 cm.","/FinalProject/images/Productos/basicos/setToallita/navy.jpg"
390,"Básicos","Set de Toallitas","Stars","$119","Set de 3 toallitas","3 toallitas","90% algodón / 10% poliéster","30 x 30 cm.","/FinalProject/images/Productos/basicos/setToallita/stars.jpg"
391,"Básicos","Toallitas","Elefantita","$319","Toallita de baño","1 toallita","90% algodón / 10% poliéster","75 x 90 cm.","/FinalProject/images/Productos/basicos/toallita/elefantita.jpg"
392,"Básicos","Toallitas","Baby Bunny","$319","Toallita de baño","1 toallita","90% algodón / 10% poliéster","75 x 90 cm.","/FinalProject/images/Productos/basicos/toallita/babyBunny.jpg"
393,"Básicos","Toallitas","Corazones","$319","Toallita de baño","1 toallita","90% algodón / 10% poliéster","75 x 90 cm.","/FinalProject/images/Productos/basicos/toallita/corazones.jpg"
394,"Básicos","Toallitas","Huesos","$319","Toallita de baño","1 toallita","90% algodón / 10% poliéster","75 x 90 cm.","/FinalProject/images/Productos/basicos/toallita/huesos.jpg"
395,"Básicos","Toallitas","Mickey","$319","Toallita de baño","1 toallita","90% algodón / 10% poliéster","75 x 90 cm.","/FinalProject/images/Productos/basicos/toallita/mickey.jpg"
396,"Básicos","Toallitas","Minnie ","$319","Toallita de baño","1 toallita","90% algodón / 10% poliéster","75 x 90 cm.","/FinalProject/images/Productos/basicos/toallita/minnie.jpg"
397,"Básicos","Toallitas","Navy","$319","Toallita de baño","1 toallita","90% algodón / 10% poliéster","75 x 90 cm.","/FinalProject/images/Productos/basicos/toallita/navy.jpg"
398,"Básicos","Toallitas","Osito","$319","Toallita de baño","1 toallita","90% algodón / 10% poliéster","75 x 90 cm.","/FinalProject/images/Productos/basicos/toallita/osito.jpg"
399,"Básicos","Toallitas","Pingui","$319","Toallita de baño","1 toallita","90% algodón / 10% poliéster","75 x 90 cm.","/FinalProject/images/Productos/basicos/toallita/pingui.jpg"
